Workbook

Sheet 00_HUONG_DAN_SU_DUNG
B2: HƯỚNG DẪN QUY CHUẨN MẪU: QUẢN LÝ KHỐI LƯỢNG BOQ & KIỂM SOÁT ĐẶT HÀNG VẬT TƯ
B3: Hệ thống Quản lý Dự án & Kiểm soát Chi phí Cơ Điện / Xây dựng (xBOSS Standard Template)
B5: I. 4 NGUYÊN TẮC CỐT LÕI CỦA BIỂU MẪU BOQ
B6: Thuật ngữ / Cột | C6: Vị trí cột | D6: Ý nghĩa nghiệp vụ & Quy định bắt buộc
B7: 1. Mã BOQ là DUY NHẤT (Unique Key) | C7: Cột A | D7: Mỗi chủng loại vật tư / công tác bắt buộc phải có một Mã BOQ duy nhất toàn dự án. Mã này được dùng xuyên suốt để truy xuất, lập đơn đặt hàng vật tư (PO/PR), xuất kho, và nghiệm thu thanh toán.
B8: 2. Khối lượng BOQ (Dự toán ban đầu) | C8: Cột F | D8: Khối lượng theo hồ sơ trúng thầu / Phụ lục hợp đồng đã ký kết giữa Nhà thầu và Chủ đầu tư. Đây là ngân sách trần ban đầu được phê duyệt.
B9: 3. Khối lượng Định mức (Bản vẽ Shop) | C9: Cột G | D9: Khối lượng thực tế do Kỹ sư công trường / Thầu phụ bóc tách chi tiết từ bản vẽ thi công (Shop drawings) đã được phê duyệt.
B10: 4. Chênh lệch & Kiểm soát Đặt hàng | C10: Cột H, J, K | D10: Công thức: [Chênh lệch] = [Khối lượng BOQ] - [Khối lượng Định mức]. • Nếu >= 0: Cho phép đặt hàng (<= Định mức bóc tách). • Nếu < 0: CHẶN ĐẶT HÀNG NGAY LẬP TỨC. Yêu cầu làm hồ sơ bảo vệ khối lượng -> QS xác nhận -> Duyệt sửa BOQ mới mở quyền đặt hàng.
B12: II. QUY TRÌNH 5 BƯỚC KIỂM SOÁT ĐẶT HÀNG VẬT TƯ (PROCUREMENT CONTROL)
B13: Bước thực hiện | C13: Người chịu trách nhiệm | D13: Nội dung thực hiện chi tiết
B14: Bước 1: Khởi tạo BOQ Dự toán | C14: Phòng QS | D14: Nhập danh mục công tác, mã BOQ và Khối lượng BOQ (Cột F) từ Hợp đồng.
B15: Bước 2: Bóc tách bản vẽ Shop | C15: Kỹ sư / Thầu phụ | D15: Cập nhật Khối lượng Định mức thực tế (Cột G) sau khi bản vẽ Shop Drawing được duyệt.
B16: Bước 3: Tự động kiểm tra Chênh lệch | C16: Hệ thống Excel | D16: Cột H tự động tính Chênh lệch = F - G. Cột J tự động phân loại [OK] hoặc [CHẶN].
B17: Bước 4: Xử lý Vượt Định mức (< 0) | C17: Kỹ sư & QS | D17: Với các mã bị CHẶN (< 0), Kỹ sư lập phiếu giải trình nguyên nhân sai lệch -> QS kiểm tra hiện trường/bản vẽ -> Trình CĐT/Ban QLDA phê duyệt bổ sung BOQ (Variation Order).
B18: Bước 5: Cấp phát & Đặt hàng (PO) | C18: Phòng Mua hàng (Procurement) | D18: Chỉ phát hành Đơn đặt hàng (PO/PR) cho các mã có trạng thái [OK] với số lượng tối đa không vượt quá Khối lượng Định mức (Cột G).
B20: III. QUY ƯỚC MÀU SẮC TRÊN BIỂU MẪU (COLOR LEGEND)
B21: Màu Xanh lá (Green) | C21: Chênh lệch >= 0 (Định mức <= BOQ) | D21: ✅ OK - Cho phép đặt hàng theo định mức bóc tách.
B22: Màu Đỏ/Hồng (Red) | C22: Chênh lệch < 0 (Định mức > BOQ) | D22: ❌ CHẶN ĐẶT HÀNG - Vượt dự toán, bắt buộc QS duyệt sửa BOQ.
B23: Màu Vàng (Yellow) | C23: Chưa nhập Cột G (Định mức trống) | D23: ⚠️ Cảnh báo Kỹ sư / Thầu phụ cần hoàn thành bóc tách bản vẽ.

Sheet 00_DASHBOARD_KIEM_SOAT
B2: BẢNG ĐIỀU KHIỂN & KIỂM SOÁT KHỐI LƯỢNG BOQ - ĐẶT HÀNG VẬT TƯ THÁP A
B3: Dự án: BD1.6 - TT AVIO | Gói thầu: Hệ thống Cơ điện ACMV | Nguyên tắc: Mã BOQ duy nhất
B5: I. TỔNG HỢP KIỂM SOÁT ĐỊNH MỨC & ĐẶT HÀNG
B6: Chỉ tiêu kiểm soát | C6: Số lượng mã BOQ | D6: Tỷ lệ (%) | E6: Trạng thái kiểm soát vật tư
B7: Tổng số hạng mục / mã BOQ quản lý | C7: =COUNTA('Data-BOQ'!A7:A883) | D7: 100% | E7: Mã BOQ duy nhất toàn dự án
B8: 1. Đã bóc tách định mức (Khối lượng thực tế bản vẽ) | C8: =COUNT('Data-BOQ'!G7:G883) | D8: =C8/C7 | E8: Kỹ sư/Thầu phụ đã cập nhật
B9: - ✅ Hợp lệ / Đủ điều kiện đặt hàng (Chênh lệch >= 0) | C9: =COUNTIFS('Data-BOQ'!H7:H883, ">=0", 'Data-BOQ'!G7:G883, "<>""") | D9: =C9/C7 | E9: ✅ CHO PHÉP ĐẶT HÀNG (<= Định mức)
B10: - ❌ Vượt định mức so với BOQ (Chênh lệch < 0) | C10: =COUNTIF('Data-BOQ'!H7:H883, "<0") | D10: =C10/C7 | E10: ❌ CHẶN ĐẶT HÀNG (Cần QS bảo vệ & sửa BOQ)
B11: 2. ⚠️ Chưa bóc tách định mức (Cột định mức trống) | C11: =COUNTBLANK('Data-BOQ'!G10:G883) | D11: =C11/C7 | E11: ⚠️ Cần kỹ sư/thầu phụ bóc tách gấp
B14: II. QUY TRÌNH & NGUYÊN TẮC KIỂM SOÁT ĐẶT HÀNG
B15: 1. Mã BOQ: | C15: Mã BOQ là DUY NHẤT. Mọi phiếu xuất kho, đơn đặt hàng (PO/PR), nghiệm thu thanh toán đều phải dẫn chiếu đúng Mã BOQ.
B16: 2. Khối lượng BOQ Tháp A: | C16: Khối lượng dự toán ban đầu theo hồ sơ trúng thầu / Hợp đồng đã ký với Chủ đầu tư.
B17: 3. Khối lượng Định mức Tháp A: | C17: Khối lượng thực tế do Kỹ sư công trường / Thầu phụ bóc tách chi tiết từ bản vẽ thi công (Shop drawing) đã phê duyệt.
B18: 4. Chênh lệch Định mức: | C18: Công thức: [Chênh lệch] = [Khối lượng BOQ Tháp A] - [Khối lượng Định mức Tháp A].
B19: 5. Kiểm soát đặt hàng (>= 0): | C19: Nếu Chênh lệch >= 0 (Định mức thực tế <= BOQ dự toán): ĐỦ ĐIỀU KIỆN ĐẶT HÀNG. Đặt hàng tối đa bằng Khối lượng Định mức bóc tách.
B20: 6. Kiểm soát đặt hàng (< 0): | C20: Nếu Chênh lệch < 0 (Định mức thực tế > BOQ dự toán): CHẶN ĐẶT HÀNG NGAY LẬP TỨC. Bắt buộc Kỹ sư/Thầu phụ làm hồ sơ bảo vệ khối lượng -> Kỹ sư QS xác nhận nguyên nhân sai lệch -> Trình duyệt phát sinh (VO) và sửa BOQ trước khi phát hành PO mua hàng.
B23: III. DANH SÁCH CÁC MÃ BOQ BỊ VƯỢT ĐỊNH MỨC (CHẶN ĐẶT HÀNG - CẦN QS BẢO VỆ KHỐI LƯỢNG)
A24: STT | B24: Mã BOQ | C24: Mô tả chi tiết | D24: ĐVT | E24: BOQ Tháp A (Dự toán) | F24: Định mức Tháp A (Bản vẽ) | G24: Chênh lệch (Thiếu) | H24: Trạng thái kiểm soát | I24: Hành động yêu cầu
A25: 1 | B25: DHKK-D.I1.4.1 | C25: Ống thoát nước ngưng uPVC Ø21 | D25: m | E25: 11174 | F25: 14883 | G25: -3709 | H25: ❌ CHẶN ĐẶT HÀNG | I25: Vượt 3,709.0 m -> QS bảo vệ khối lượng & sửa BOQ
A26: 2 | B26: DHKK-D.I1.5.2 | C26: Bảo ôn ống nước ngưng Ø21 dày 13mm | D26: m | E26: 5013 | F26: 7964 | G26: -2951 | H26: ❌ CHẶN ĐẶT HÀNG | I26: Vượt 2,951.0 m -> QS bảo vệ khối lượng & sửa BOQ
A27: 3 | B27: DHKK-D.I2.3.7 | C27: Ống gió mềm không cách nhiệt D150 | D27: m | E27: 1976 | F27: 2808 | G27: -832 | H27: ❌ CHẶN ĐẶT HÀNG | I27: Vượt 832.0 m -> QS bảo vệ khối lượng & sửa BOQ
A28: 4 | B28: DHKK-D.I1.5.1 | C28: Bảo ôn ống nước ngưng Ø21 dày 9mm | D28: m | E28: 6159 | F28: 6920 | G28: -761 | H28: ❌ CHẶN ĐẶT HÀNG | I28: Vượt 761.0 m -> QS bảo vệ khối lượng & sửa BOQ
A29: 5 | B29: DHKK-C-I.3.3 | C29: Ống thoát nước ngưng uPVC Ø42 | D29: m | E29: 4410 | F29: 4849 | G29: -439 | H29: ❌ CHẶN ĐẶT HÀNG | I29: Vượt 439.0 m -> QS bảo vệ khối lượng & sửa BOQ
A30: 6 | B30: DHKK-C-I.3.2.3 | C30: Bảo ôn ống nước ngưng Ø42 dày 13mm | D30: m | E30: 4410 | F30: 4849 | G30: -439 | H30: ❌ CHẶN ĐẶT HÀNG | I30: Vượt 439.0 m -> QS bảo vệ khối lượng & sửa BOQ
A31: 7 | B31: DHKK-D.I2.3.6 | C31: Ống gió mềm không cách nhiệt D100 | D31: m | E31: 2964 | F31: 3354 | G31: -390 | H31: ❌ CHẶN ĐẶT HÀNG | I31: Vượt 390.0 m -> QS bảo vệ khối lượng & sửa BOQ
A32: 8 | B32: DHKK-C-III.3.1.0 | C32: Ống gió tole mạ kẽm dày 0.95mm | D32: m2 | E32: 418 | F32: 658 | G32: -240 | H32: ❌ CHẶN ĐẶT HÀNG | I32: Vượt 240.0 m2 -> QS bảo vệ khối lượng & sửa BOQ
A33: 9 | B33: DHKK-B-IV1.3.2.1 | C33: Bảo ôn ống nước ngưng Ø21 dày 9mm | D33: m | E33: 0 | F33: 212 | G33: -212 | H33: ❌ CHẶN ĐẶT HÀNG | I33: Vượt 212.0 m -> QS bảo vệ khối lượng & sửa BOQ
A34: 10 | B34: DHKK-C-II.3.3.0 | C34: Ống gió tole mạ kẽm dày 0.75mm | D34: m2 | E34: 780 | F34: 948 | G34: -168 | H34: ❌ CHẶN ĐẶT HÀNG | I34: Vượt 168.0 m2 -> QS bảo vệ khối lượng & sửa BOQ
A35: 11 | B35: DHKK-D.I2.3.0 | C35: Ống gió tole mạ kẽm dày 0.58mm | D35: m2 | E35: 197 | F35: 324 | G35: -127 | H35: ❌ CHẶN ĐẶT HÀNG | I35: Vượt 127.0 m2 -> QS bảo vệ khối lượng & sửa BOQ
A36: 12 | B36: DHKK-D.I1.6.1 | C36: 4Cx1.5mm2 Cu/PVC | D36: m | E36: 19773 | F36: 19864 | G36: -91 | H36: ❌ CHẶN ĐẶT HÀNG | I36: Vượt 91.0 m -> QS bảo vệ khối lượng & sửa BOQ
... A48: 24 | B48: DHKK-D.I3.1.4 | C48: Miệng louver EAL 300x150 + ISC | D48: Cái | E48: 325 | F48: 338 | G48: -13 | H48: ❌ CHẶN ĐẶT HÀNG | I48: Vượt 13.0 Cái -> QS bảo vệ khối lượng & sửa BOQ

Sheet 02_MAU_BOQ_TRONG
B1: DỰ ÁN: [TÊN DỰ ÁN MỚI]
B2: ĐỊA ĐIỂM: [ĐỊA CHỈ DỰ ÁN]
B3: GÓI THẦU: [TÊN GÓI THẦU / HẠNG MỤC]
B4: BIỂU MẪU: QUẢN LÝ KHỐI LƯỢNG BOQ & ĐỊNH MỨC BÓC TÁCH BẢN VẼ
A6: Mã BOQ (Duy nhất) | B6: STT | C6: MÔ TẢ CÔNG TÁC / VẬT TƯ | D6: Mã/ Quy cách | E6: Đơn vị | F6: KHỐI LƯỢNG BOQ (Dự toán HĐ) | G6: KHỐI LƯỢNG ĐỊNH MỨC (Bản vẽ thi công) | H6: CHÊNH LỆCH ĐỊNH MỨC (= BOQ - Định mức) | I6: GHI CHÚ KỸ THUẬT | J6: KIỂM SOÁT ĐẶT HÀNG (QS DUYỆT) | K6: GỢI Ý HÀNH ĐỘNG / ĐIỀU KIỆN
A7: MEP-01 | B7: I | C7: HỆ THỐNG CƠ ĐIỆN MẪU (VÍ DỤ)
A8: MEP-01.1 | B8: 1 | C8: Thiết bị chính / Phụ kiện mẫu | E8: Bộ
A9: MA-BOQ-001 | B9: 1 | C9: [Nhập tên vật tư / thiết bị mẫu 1] | D9: Cái | E9: Cái | H9: =IF(OR(ISNUMBER(F9),ISNUMBER(G9)),N(F9)-N(G9),"") | J9: =IF(OR(ISNUMBER(F9),ISNUMBER(G9)),IF(ISBLANK(G9),"⚠️ Chưa bóc tách định mức",IF(H9>=0,"✅ OK - Cho phép đặt hàng","❌ CHẶN ĐẶT HÀNG - CẦN BẢO VỆ KL")),"") | K9: =IF(OR(ISNUMBER(F9),ISNUMBER(G9)),IF(ISBLANK(G9),"Kỹ sư/Thầu phụ cần bóc tách KL bản vẽ",IF(H9>=0,"Được đặt hàng tối đa "&G9&" "&E9,"Vượt dự toán "&ABS(H9)&" "&E9&" (QS giải trình & duyệt sửa BOQ)")),"")
A10: MA-BOQ-002 | B10: 2 | C10: [Nhập tên vật tư / thiết bị mẫu 2] | D10: Cái | E10: Cái | H10: =IF(OR(ISNUMBER(F10),ISNUMBER(G10)),N(F10)-N(G10),"") | J10: =IF(OR(ISNUMBER(F10),ISNUMBER(G10)),IF(ISBLANK(G10),"⚠️ Chưa bóc tách định mức",IF(H10>=0,"✅ OK - Cho phép đặt hàng","❌ CHẶN ĐẶT HÀNG - CẦN BẢO VỆ KL")),"") | K10: =IF(OR(ISNUMBER(F10),ISNUMBER(G10)),IF(ISBLANK(G10),"Kỹ sư/Thầu phụ cần bóc tách KL bản vẽ",IF(H10>=0,"Được đặt hàng tối đa "&G10&" "&E10,"Vượt dự toán "&ABS(H10)&" "&E10&" (QS giải trình & duyệt sửa BOQ)")),"")
A11: MA-BOQ-003 | B11: 3 | C11: [Nhập tên vật tư / thiết bị mẫu 3] | D11: Cái | E11: Cái | H11: =IF(OR(ISNUMBER(F11),ISNUMBER(G11)),N(F11)-N(G11),"") | J11: =IF(OR(ISNUMBER(F11),ISNUMBER(G11)),IF(ISBLANK(G11),"⚠️ Chưa bóc tách định mức",IF(H11>=0,"✅ OK - Cho phép đặt hàng","❌ CHẶN ĐẶT HÀNG - CẦN BẢO VỆ KL")),"") | K11: =IF(OR(ISNUMBER(F11),ISNUMBER(G11)),IF(ISBLANK(G11),"Kỹ sư/Thầu phụ cần bóc tách KL bản vẽ",IF(H11>=0,"Được đặt hàng tối đa "&G11&" "&E11,"Vượt dự toán "&ABS(H11)&" "&E11&" (QS giải trình & duyệt sửa BOQ)")),"")
A12: MA-BOQ-004 | B12: 4 | C12: [Nhập tên vật tư / thiết bị mẫu 4] | D12: Cái | E12: Cái | H12: =IF(OR(ISNUMBER(F12),ISNUMBER(G12)),N(F12)-N(G12),"") | J12: =IF(OR(ISNUMBER(F12),ISNUMBER(G12)),IF(ISBLANK(G12),"⚠️ Chưa bóc tách định mức",IF(H12>=0,"✅ OK - Cho phép đặt hàng","❌ CHẶN ĐẶT HÀNG - CẦN BẢO VỆ KL")),"") | K12: =IF(OR(ISNUMBER(F12),ISNUMBER(G12)),IF(ISBLANK(G12),"Kỹ sư/Thầu phụ cần bóc tách KL bản vẽ",IF(H12>=0,"Được đặt hàng tối đa "&G12&" "&E12,"Vượt dự toán "&ABS(H12)&" "&E12&" (QS giải trình & duyệt sửa BOQ)")),"")
A13: MA-BOQ-005 | B13: 5 | C13: [Nhập tên vật tư / thiết bị mẫu 5] | D13: Cái | E13: Cái | H13: =IF(OR(ISNUMBER(F13),ISNUMBER(G13)),N(F13)-N(G13),"") | J13: =IF(OR(ISNUMBER(F13),ISNUMBER(G13)),IF(ISBLANK(G13),"⚠️ Chưa bóc tách định mức",IF(H13>=0,"✅ OK - Cho phép đặt hàng","❌ CHẶN ĐẶT HÀNG - CẦN BẢO VỆ KL")),"") | K13: =IF(OR(ISNUMBER(F13),ISNUMBER(G13)),IF(ISBLANK(G13),"Kỹ sư/Thầu phụ cần bóc tách KL bản vẽ",IF(H13>=0,"Được đặt hàng tối đa "&G13&" "&E13,"Vượt dự toán "&ABS(H13)&" "&E13&" (QS giải trình & duyệt sửa BOQ)")),"")
A14: MA-BOQ-006 | B14: 6 | C14: [Nhập tên vật tư / thiết bị mẫu 6] | D14: Cái | E14: Cái | H14: =IF(OR(ISNUMBER(F14),ISNUMBER(G14)),N(F14)-N(G14),"") | J14: =IF(OR(ISNUMBER(F14),ISNUMBER(G14)),IF(ISBLANK(G14),"⚠️ Chưa bóc tách định mức",IF(H14>=0,"✅ OK - Cho phép đặt hàng","❌ CHẶN ĐẶT HÀNG - CẦN BẢO VỆ KL")),"") | K14: =IF(OR(ISNUMBER(F14),ISNUMBER(G14)),IF(ISBLANK(G14),"Kỹ sư/Thầu phụ cần bóc tách KL bản vẽ",IF(H14>=0,"Được đặt hàng tối đa "&G14&" "&E14,"Vượt dự toán "&ABS(H14)&" "&E14&" (QS giải trình & duyệt sửa BOQ)")),"")
A15: MA-BOQ-007 | B15: 7 | C15: [Nhập tên vật tư / thiết bị mẫu 7] | D15: Cái | E15: Cái | H15: =IF(OR(ISNUMBER(F15),ISNUMBER(G15)),N(F15)-N(G15),"") | J15: =IF(OR(ISNUMBER(F15),ISNUMBER(G15)),IF(ISBLANK(G15),"⚠️ Chưa bóc tách định mức",IF(H15>=0,"✅ OK - Cho phép đặt hàng","❌ CHẶN ĐẶT HÀNG - CẦN BẢO VỆ KL")),"") | K15: =IF(OR(ISNUMBER(F15),ISNUMBER(G15)),IF(ISBLANK(G15),"Kỹ sư/Thầu phụ cần bóc tách KL bản vẽ",IF(H15>=0,"Được đặt hàng tối đa "&G15&" "&E15,"Vượt dự toán "&ABS(H15)&" "&E15&" (QS giải trình & duyệt sửa BOQ)")),"")
A16: MA-BOQ-008 | B16: 8 | C16: [Nhập tên vật tư / thiết bị mẫu 8] | D16: Cái | E16: Cái | H16: =IF(OR(ISNUMBER(F16),ISNUMBER(G16)),N(F16)-N(G16),"") | J16: =IF(OR(ISNUMBER(F16),ISNUMBER(G16)),IF(ISBLANK(G16),"⚠️ Chưa bóc tách định mức",IF(H16>=0,"✅ OK - Cho phép đặt hàng","❌ CHẶN ĐẶT HÀNG - CẦN BẢO VỆ KL")),"") | K16: =IF(OR(ISNUMBER(F16),ISNUMBER(G16)),IF(ISBLANK(G16),"Kỹ sư/Thầu phụ cần bóc tách KL bản vẽ",IF(H16>=0,"Được đặt hàng tối đa "&G16&" "&E16,"Vượt dự toán "&ABS(H16)&" "&E16&" (QS giải trình & duyệt sửa BOQ)")),"")
A17: MA-BOQ-009 | B17: 9 | C17: [Nhập tên vật tư / thiết bị mẫu 9] | D17: Cái | E17: Cái | H17: =IF(OR(ISNUMBER(F17),ISNUMBER(G17)),N(F17)-N(G17),"") | J17: =IF(OR(ISNUMBER(F17),ISNUMBER(G17)),IF(ISBLANK(G17),"⚠️ Chưa bóc tách định mức",IF(H17>=0,"✅ OK - Cho phép đặt hàng","❌ CHẶN ĐẶT HÀNG - CẦN BẢO VỆ KL")),"") | K17: =IF(OR(ISNUMBER(F17),ISNUMBER(G17)),IF(ISBLANK(G17),"Kỹ sư/Thầu phụ cần bóc tách KL bản vẽ",IF(H17>=0,"Được đặt hàng tối đa "&G17&" "&E17,"Vượt dự toán "&ABS(H17)&" "&E17&" (QS giải trình & duyệt sửa BOQ)")),"")
A18: MA-BOQ-010 | B18: 10 | C18: [Nhập tên vật tư / thiết bị mẫu 10] | D18: Cái | E18: Cái | H18: =IF(OR(ISNUMBER(F18),ISNUMBER(G18)),N(F18)-N(G18),"") | J18: =IF(OR(ISNUMBER(F18),ISNUMBER(G18)),IF(ISBLANK(G18),"⚠️ Chưa bóc tách định mức",IF(H18>=0,"✅ OK - Cho phép đặt hàng","❌ CHẶN ĐẶT HÀNG - CẦN BẢO VỆ KL")),"") | K18: =IF(OR(ISNUMBER(F18),ISNUMBER(G18)),IF(ISBLANK(G18),"Kỹ sư/Thầu phụ cần bóc tách KL bản vẽ",IF(H18>=0,"Được đặt hàng tối đa "&G18&" "&E18,"Vượt dự toán "&ABS(H18)&" "&E18&" (QS giải trình & duyệt sửa BOQ)")),"")
A19: MA-BOQ-011 | B19: 11 | C19: [Nhập tên vật tư / thiết bị mẫu 11] | D19: Cái | E19: Cái | H19: =IF(OR(ISNUMBER(F19),ISNUMBER(G19)),N(F19)-N(G19),"") | J19: =IF(OR(ISNUMBER(F19),ISNUMBER(G19)),IF(ISBLANK(G19),"⚠️ Chưa bóc tách định mức",IF(H19>=0,"✅ OK - Cho phép đặt hàng","❌ CHẶN ĐẶT HÀNG - CẦN BẢO VỆ KL")),"") | K19: =IF(OR(ISNUMBER(F19),ISNUMBER(G19)),IF(ISBLANK(G19),"Kỹ sư/Thầu phụ cần bóc tách KL bản vẽ",IF(H19>=0,"Được đặt hàng tối đa "&G19&" "&E19,"Vượt dự toán "&ABS(H19)&" "&E19&" (QS giải trình & duyệt sửa BOQ)")),"")
A20: MA-BOQ-012 | B20: 12 | C20: [Nhập tên vật tư / thiết bị mẫu 12] | D20: Cái | E20: Cái | H20: =IF(OR(ISNUMBER(F20),ISNUMBER(G20)),N(F20)-N(G20),"") | J20: =IF(OR(ISNUMBER(F20),ISNUMBER(G20)),IF(ISBLANK(G20),"⚠️ Chưa bóc tách định mức",IF(H20>=0,"✅ OK - Cho phép đặt hàng","❌ CHẶN ĐẶT HÀNG - CẦN BẢO VỆ KL")),"") | K20: =IF(OR(ISNUMBER(F20),ISNUMBER(G20)),IF(ISBLANK(G20),"Kỹ sư/Thầu phụ cần bóc tách KL bản vẽ",IF(H20>=0,"Được đặt hàng tối đa "&G20&" "&E20,"Vượt dự toán "&ABS(H20)&" "&E20&" (QS giải trình & duyệt sửa BOQ)")),"")
... A28: MA-BOQ-020 | B28: 20 | C28: [Nhập tên vật tư / thiết bị mẫu 20] | D28: Cái | E28: Cái | H28: =IF(OR(ISNUMBER(F28),ISNUMBER(G28)),N(F28)-N(G28),"") | J28: =IF(OR(ISNUMBER(F28),ISNUMBER(G28)),IF(ISBLANK(G28),"⚠️ Chưa bóc tách định mức",IF(H28>=0,"✅ OK - Cho phép đặt hàng","❌ CHẶN ĐẶT HÀNG - CẦN BẢO VỆ KL")),"") | K28: =IF(OR(ISNUMBER(F28),ISNUMBER(G28)),IF(ISBLANK(G28),"Kỹ sư/Thầu phụ cần bóc tách KL bản vẽ",IF(H28>=0,"Được đặt hàng tối đa "&G28&" "&E28,"Vượt dự toán "&ABS(H28)&" "&E28&" (QS giải trình & duyệt sửa BOQ)")),"")

Sheet In phiếu xuất
A2: PHIẾU XUẤT KHO
A3: Tên dự án | C3: Khu căn hộ Phúc Lộc Khang
A4: Địa chỉ | C4: Phường Dĩ An, TP. HMC
A5: Tên nhà thầu | C5: An Phát
A6: Hạng mục | C6: Cấp Thoát Nước
A7: Người Xuất
A8: Số | B8: Phiếu 003
A9: Ngày xuất | B9: Tháp | C9: Khu vực | D9: Mã hàng | E9: Tên vật tư | F9: Đơn vị | G9: Số lượng | H9: Số phiếu xuất | I9: Bên nhận | J9: Ghi chú
A10: =IFERROR(__xludf.DUMMYFUNCTION("IFERROR(QUERY('Xuất kho'!A4:J3001, ""select A, B, C, D, E, F, G, H, I where A is not null and H = '""&B8&""'"", 0), ""❌ Không Tìm Thấy PHiếu Xuất"")"),"❌ Không Tìm Thấy PHiếu Xuất")
B41: ĐẠI ĐIỆN BÊN XUẤT | G41: ĐẠI ĐIỆN BÊN NHẬN
B42: Ký ghi rõ họ tên | G42: Ký ghi rõ họ tên

Sheet Data-BOQ
B1: DỰ ÁN: BD1.6 - TT AVIO
B2: ĐỊA ĐIỂM: DĨ AN - BÌNH DƯƠNG
B3: GÓI THẦU: THI CÔNG KẾT CẤU & HOÀN THIỆN NGOÀI
B4: BIỂU: HỆ THỐNG ĐIỀU HÒA KHÔNG KHÍ & THÔNG GIÓ
A6: Mã BOQ | B6: STT | C6: MÔ TẢ | D6: Mã/ vật liệu | E6: Đơn vị | F6: KHỐI LƯỢNG BOQ THÁP A | G6: KHỐI LƯỢNG ĐỊNH MỨC THÁP A | H6: CHÊNH LỆCH ĐỊNH MỨC | I6: GHI CHÚ | J6: KIỂM SOÁT ĐẶT HÀNG (QS DUYỆT) | K6: GỢI Ý HÀNH ĐỘNG / ĐIỀU KIỆN
A7: DHKK-A | B7: A | C7: PHẦN HẦM
A8: DHKK-A.I | B8: I | C8: HỆ THỐNG HÚT KHÓI, CẤP GIÓ TƯƠI
A9: DHKK-A.I.1.0 | B9: 1 | C9: Quạt thông gió | D9: Cái | E9: Cái | H9: =IF(OR(ISNUMBER(F9),ISNUMBER(G9)),N(F9)-N(G9),"") | J9: =IF(OR(ISNUMBER(F9),ISNUMBER(G9)),IF(ISBLANK(G9),"⚠️ Chưa bóc tách định mức",IF(H9>=0,"✅ OK - Cho phép đặt hàng","❌ CHẶN ĐẶT HÀNG - CẦN BẢO VỆ KL")),"") | K9: =IF(OR(ISNUMBER(F9),ISNUMBER(G9)),IF(ISBLANK(G9),"Kỹ sư/Thầu phụ cần bóc tách KL bản vẽ",IF(H9>=0,"Được đặt hàng tối đa "&G9&" "&E9,"Vượt dự toán "&ABS(H9)&" "&E9&" (QS giải trình & duyệt sửa BOQ)")),"")
A10: DHKK-A.I.1.1 | C10: Quạt hút khói kiểu hướng trục nối ống gió ( Quạt chịu nhiệt độ 300 độ trong 1h) EAF-B2-01,02 + Lưu lượng: 5600/8400 l/s + Áp suất: 400/900 Pa | D10: Bộ | E10: Bộ | F10: 2 | G10: =F10 | H10: =IF(OR(ISNUMBER(F10),ISNUMBER(G10)),N(F10)-N(G10),"") | J10: =IF(OR(ISNUMBER(F10),ISNUMBER(G10)),IF(ISBLANK(G10),"⚠️ Chưa bóc tách định mức",IF(H10>=0,"✅ OK - Cho phép đặt hàng","❌ CHẶN ĐẶT HÀNG - CẦN BẢO VỆ KL")),"") | K10: =IF(OR(ISNUMBER(F10),ISNUMBER(G10)),IF(ISBLANK(G10),"Kỹ sư/Thầu phụ cần bóc tách KL bản vẽ",IF(H10>=0,"Được đặt hàng tối đa "&G10&" "&E10,"Vượt dự toán "&ABS(H10)&" "&E10&" (QS giải trình & duyệt sửa BOQ)")),"")
A11: DHKK-A.I.1.2 | C11: Quạt hút khói kiểu hướng trục nối ống gió ( Quạt chịu nhiệt độ 300 độ trong 1h) EAF-B2-03,04 + Lưu lượng: 5600/8400 l/s + Áp suất: 400/900 Pa | D11: Bộ | E11: Bộ | F11: 2 | G11: =F11 | H11: =IF(OR(ISNUMBER(F11),ISNUMBER(G11)),N(F11)-N(G11),"") | J11: =IF(OR(ISNUMBER(F11),ISNUMBER(G11)),IF(ISBLANK(G11),"⚠️ Chưa bóc tách định mức",IF(H11>=0,"✅ OK - Cho phép đặt hàng","❌ CHẶN ĐẶT HÀNG - CẦN BẢO VỆ KL")),"") | K11: =IF(OR(ISNUMBER(F11),ISNUMBER(G11)),IF(ISBLANK(G11),"Kỹ sư/Thầu phụ cần bóc tách KL bản vẽ",IF(H11>=0,"Được đặt hàng tối đa "&G11&" "&E11,"Vượt dự toán "&ABS(H11)&" "&E11&" (QS giải trình & duyệt sửa BOQ)")),"")
A12: DHKK-A.I.1.3 | C12: Quạt hút khói kiểu hướng trục nối ống gió ( Quạt chịu nhiệt độ 300 độ trong 1h) EAF-B2-05,06 + Lưu lượng: 5200/7800 l/s + Áp suất: 400/900 Pa | D12: Bộ | E12: Bộ | F12: 2 | G12: =F12 | H12: =IF(OR(ISNUMBER(F12),ISNUMBER(G12)),N(F12)-N(G12),"") | J12: =IF(OR(ISNUMBER(F12),ISNUMBER(G12)),IF(ISBLANK(G12),"⚠️ Chưa bóc tách định mức",IF(H12>=0,"✅ OK - Cho phép đặt hàng","❌ CHẶN ĐẶT HÀNG - CẦN BẢO VỆ KL")),"") | K12: =IF(OR(ISNUMBER(F12),ISNUMBER(G12)),IF(ISBLANK(G12),"Kỹ sư/Thầu phụ cần bóc tách KL bản vẽ",IF(H12>=0,"Được đặt hàng tối đa "&G12&" "&E12,"Vượt dự toán "&ABS(H12)&" "&E12&" (QS giải trình & duyệt sửa BOQ)")),"")
A13: DHKK-A.I.1.4 | C13: Quạt hút khói kiểu hướng trục nối ống gió ( Quạt chịu nhiệt độ 300 độ trong 1h) EAF-B2-07,08 + Lưu lượng: 7500/11250 l/s + Áp suất: 400/900 Pa | D13: Bộ | E13: Bộ | F13: 0 | G13: =F13 | H13: =IF(OR(ISNUMBER(F13),ISNUMBER(G13)),N(F13)-N(G13),"") | J13: =IF(OR(ISNUMBER(F13),ISNUMBER(G13)),IF(ISBLANK(G13),"⚠️ Chưa bóc tách định mức",IF(H13>=0,"✅ OK - Cho phép đặt hàng","❌ CHẶN ĐẶT HÀNG - CẦN BẢO VỆ KL")),"") | K13: =IF(OR(ISNUMBER(F13),ISNUMBER(G13)),IF(ISBLANK(G13),"Kỹ sư/Thầu phụ cần bóc tách KL bản vẽ",IF(H13>=0,"Được đặt hàng tối đa "&G13&" "&E13,"Vượt dự toán "&ABS(H13)&" "&E13&" (QS giải trình & duyệt sửa BOQ)")),"")
A14: DHKK-A.I.1.5 | C14: Quạt hút khói kiểu hướng trục nối ống gió ( Quạt chịu nhiệt độ 300 độ trong 1h) EAF-B2-09,10 + Lưu lượng: 5400/8100 l/s + Áp suất: 400/900 Pa | D14: Bộ | E14: Bộ | F14: 0 | G14: =F14 | H14: =IF(OR(ISNUMBER(F14),ISNUMBER(G14)),N(F14)-N(G14),"") | J14: =IF(OR(ISNUMBER(F14),ISNUMBER(G14)),IF(ISBLANK(G14),"⚠️ Chưa bóc tách định mức",IF(H14>=0,"✅ OK - Cho phép đặt hàng","❌ CHẶN ĐẶT HÀNG - CẦN BẢO VỆ KL")),"") | K14: =IF(OR(ISNUMBER(F14),ISNUMBER(G14)),IF(ISBLANK(G14),"Kỹ sư/Thầu phụ cần bóc tách KL bản vẽ",IF(H14>=0,"Được đặt hàng tối đa "&G14&" "&E14,"Vượt dự toán "&ABS(H14)&" "&E14&" (QS giải trình & duyệt sửa BOQ)")),"")
A15: DHKK-A.I.1.6 | C15: Quạt cấp khí kiểu hướng trục nối ống gió FAF-B2-01,02 + Lưu lượng: 5600/8400 l/s + Áp suất: 400/900 Pa | D15: Bộ | E15: Bộ | F15: 2 | G15: =F15 | H15: =IF(OR(ISNUMBER(F15),ISNUMBER(G15)),N(F15)-N(G15),"") | J15: =IF(OR(ISNUMBER(F15),ISNUMBER(G15)),IF(ISBLANK(G15),"⚠️ Chưa bóc tách định mức",IF(H15>=0,"✅ OK - Cho phép đặt hàng","❌ CHẶN ĐẶT HÀNG - CẦN BẢO VỆ KL")),"") | K15: =IF(OR(ISNUMBER(F15),ISNUMBER(G15)),IF(ISBLANK(G15),"Kỹ sư/Thầu phụ cần bóc tách KL bản vẽ",IF(H15>=0,"Được đặt hàng tối đa "&G15&" "&E15,"Vượt dự toán "&ABS(H15)&" "&E15&" (QS giải trình & duyệt sửa BOQ)")),"")
A16: DHKK-A.I.1.7 | C16: Quạt cấp khí kiểu hướng trục nối ống gió FAF-B2-03,04 + Lưu lượng: 5600/8400 l/s + Áp suất: 400/900 Pa | D16: Bộ | E16: Bộ | F16: 2 | G16: =F16 | H16: =IF(OR(ISNUMBER(F16),ISNUMBER(G16)),N(F16)-N(G16),"") | J16: =IF(OR(ISNUMBER(F16),ISNUMBER(G16)),IF(ISBLANK(G16),"⚠️ Chưa bóc tách định mức",IF(H16>=0,"✅ OK - Cho phép đặt hàng","❌ CHẶN ĐẶT HÀNG - CẦN BẢO VỆ KL")),"") | K16: =IF(OR(ISNUMBER(F16),ISNUMBER(G16)),IF(ISBLANK(G16),"Kỹ sư/Thầu phụ cần bóc tách KL bản vẽ",IF(H16>=0,"Được đặt hàng tối đa "&G16&" "&E16,"Vượt dự toán "&ABS(H16)&" "&E16&" (QS giải trình & duyệt sửa BOQ)")),"")
A17: DHKK-A.I.1.8 | C17: Quạt cấp khí kiểu hướng trục nối ống gió FAF-B2-05,06 + Lưu lượng: 5200/7800 l/s + Áp suất: 400/900 Pa | D17: Bộ | E17: Bộ | F17: 2 | G17: =F17 | H17: =IF(OR(ISNUMBER(F17),ISNUMBER(G17)),N(F17)-N(G17),"") | J17: =IF(OR(ISNUMBER(F17),ISNUMBER(G17)),IF(ISBLANK(G17),"⚠️ Chưa bóc tách định mức",IF(H17>=0,"✅ OK - Cho phép đặt hàng","❌ CHẶN ĐẶT HÀNG - CẦN BẢO VỆ KL")),"") | K17: =IF(OR(ISNUMBER(F17),ISNUMBER(G17)),IF(ISBLANK(G17),"Kỹ sư/Thầu phụ cần bóc tách KL bản vẽ",IF(H17>=0,"Được đặt hàng tối đa "&G17&" "&E17,"Vượt dự toán "&ABS(H17)&" "&E17&" (QS giải trình & duyệt sửa BOQ)")),"")
A18: DHKK-A.I.1.9 | C18: Quạt cấp khí kiểu hướng trục nối ống gió FAF-B2-07,08 + Lưu lượng: 7500/11250 l/s + Áp suất: 400/900 Pa | D18: Bộ | E18: Bộ | F18: 0 | G18: =F18 | H18: =IF(OR(ISNUMBER(F18),ISNUMBER(G18)),N(F18)-N(G18),"") | J18: =IF(OR(ISNUMBER(F18),ISNUMBER(G18)),IF(ISBLANK(G18),"⚠️ Chưa bóc tách định mức",IF(H18>=0,"✅ OK - Cho phép đặt hàng","❌ CHẶN ĐẶT HÀNG - CẦN BẢO VỆ KL")),"") | K18: =IF(OR(ISNUMBER(F18),ISNUMBER(G18)),IF(ISBLANK(G18),"Kỹ sư/Thầu phụ cần bóc tách KL bản vẽ",IF(H18>=0,"Được đặt hàng tối đa "&G18&" "&E18,"Vượt dự toán "&ABS(H18)&" "&E18&" (QS giải trình & duyệt sửa BOQ)")),"")
A19: DHKK-A.I.1.10 | C19: Quạt cấp khí kiểu hướng trục nối ống gió FAF-B2-09,10 + Lưu lượng: 5400/8100 l/s + Áp suất: 400/900 Pa | D19: Bộ | E19: Bộ | F19: 0 | G19: =F19 | H19: =IF(OR(ISNUMBER(F19),ISNUMBER(G19)),N(F19)-N(G19),"") | J19: =IF(OR(ISNUMBER(F19),ISNUMBER(G19)),IF(ISBLANK(G19),"⚠️ Chưa bóc tách định mức",IF(H19>=0,"✅ OK - Cho phép đặt hàng","❌ CHẶN ĐẶT HÀNG - CẦN BẢO VỆ KL")),"") | K19: =IF(OR(ISNUMBER(F19),ISNUMBER(G19)),IF(ISBLANK(G19),"Kỹ sư/Thầu phụ cần bóc tách KL bản vẽ",IF(H19>=0,"Được đặt hàng tối đa "&G19&" "&E19,"Vượt dự toán "&ABS(H19)&" "&E19&" (QS giải trình & duyệt sửa BOQ)")),"")
A20: DHKK-A.I.1.11 | C20: Quạt hút khói kiểu hướng trục nối ống gió ( Quạt chịu nhiệt độ 300 độ trong 1h) EAF-B1-01,02 + Lưu lượng: 7500/11250 l/s + Áp suất: 400/900 Pa | D20: Bộ | E20: Bộ | F20: 2 | G20: =F20 | H20: =IF(OR(ISNUMBER(F20),ISNUMBER(G20)),N(F20)-N(G20),"") | J20: =IF(OR(ISNUMBER(F20),ISNUMBER(G20)),IF(ISBLANK(G20),"⚠️ Chưa bóc tách định mức",IF(H20>=0,"✅ OK - Cho phép đặt hàng","❌ CHẶN ĐẶT HÀNG - CẦN BẢO VỆ KL")),"") | K20: =IF(OR(ISNUMBER(F20),ISNUMBER(G20)),IF(ISBLANK(G20),"Kỹ sư/Thầu phụ cần bóc tách KL bản vẽ",IF(H20>=0,"Được đặt hàng tối đa "&G20&" "&E20,"Vượt dự toán "&ABS(H20)&" "&E20&" (QS giải trình & duyệt sửa BOQ)")),"")
A21: DHKK-A.I.1.12 | C21: Quạt hút khói kiểu hướng trục nối ống gió ( Quạt chịu nhiệt độ 300 độ trong 1h) EAF-B1-03,04 + Lưu lượng: 8000/12000 l/s + Áp suất: 400/900 Pa | D21: Bộ | E21: Bộ | F21: 2 | G21: =F21 | H21: =IF(OR(ISNUMBER(F21),ISNUMBER(G21)),N(F21)-N(G21),"") | J21: =IF(OR(ISNUMBER(F21),ISNUMBER(G21)),IF(ISBLANK(G21),"⚠️ Chưa bóc tách định mức",IF(H21>=0,"✅ OK - Cho phép đặt hàng","❌ CHẶN ĐẶT HÀNG - CẦN BẢO VỆ KL")),"") | K21: =IF(OR(ISNUMBER(F21),ISNUMBER(G21)),IF(ISBLANK(G21),"Kỹ sư/Thầu phụ cần bóc tách KL bản vẽ",IF(H21>=0,"Được đặt hàng tối đa "&G21&" "&E21,"Vượt dự toán "&ABS(H21)&" "&E21&" (QS giải trình & duyệt sửa BOQ)")),"")
... A44: DHKK-A.I.1.35 | C44: Quạt đảo gắn tường | D44: Bộ | E44: Bộ | F44: 10 | G44: =F44 | H44: =IF(OR(ISNUMBER(F44),ISNUMBER(G44)),N(F44)-N(G44),"") | J44: =IF(OR(ISNUMBER(F44),ISNUMBER(G44)),IF(ISBLANK(G44),"⚠️ Chưa bóc tách định mức",IF(H44>=0,"✅ OK - Cho phép đặt hàng","❌ CHẶN ĐẶT HÀNG - CẦN BẢO VỆ KL")),"") | K44: =IF(OR(ISNUMBER(F44),ISNUMBER(G44)),IF(ISBLANK(G44),"Kỹ sư/Thầu phụ cần bóc tách KL bản vẽ",IF(H44>=0,"Được đặt hàng tối đa "&G44&" "&E44,"Vượt dự toán "&ABS(H44)&" "&E44&" (QS giải trình & duyệt sửa BOQ)")),"")
A45: DHKK-A.I.1.36 | C45: Nối mềm cho quạt | D45: Bộ | E45: Bộ | F45: 14 | G45: =F45 | H45: =IF(OR(ISNUMBER(F45),ISNUMBER(G45)),N(F45)-N(G45),"") | I45: 1 bộ gồm 2 cái | J45: =IF(OR(ISNUMBER(F45),ISNUMBER(G45)),IF(ISBLANK(G45),"⚠️ Chưa bóc tách định mức",IF(H45>=0,"✅ OK - Cho phép đặt hàng","❌ CHẶN ĐẶT HÀNG - CẦN BẢO VỆ KL")),"") | K45: =IF(OR(ISNUMBER(F45),ISNUMBER(G45)),IF(ISBLANK(G45),"Kỹ sư/Thầu phụ cần bóc tách KL bản vẽ",IF(H45>=0,"Được đặt hàng tối đa "&G45&" "&E45,"Vượt dự toán "&ABS(H45)&" "&E45&" (QS giải trình & duyệt sửa BOQ)")),"")
A46: DHKK-A.I.1.37 | C46: Nối mềm chống cháy cho quạt | D46: Bộ | E46: Bộ | F46: 12 | G46: =F46 | H46: =IF(OR(ISNUMBER(F46),ISNUMBER(G46)),N(F46)-N(G46),"") | I46: 1 bộ gồm 2 cái | J46: =IF(OR(ISNUMBER(F46),ISNUMBER(G46)),IF(ISBLANK(G46),"⚠️ Chưa bóc tách định mức",IF(H46>=0,"✅ OK - Cho phép đặt hàng","❌ CHẶN ĐẶT HÀNG - CẦN BẢO VỆ KL")),"") | K46: =IF(OR(ISNUMBER(F46),ISNUMBER(G46)),IF(ISBLANK(G46),"Kỹ sư/Thầu phụ cần bóc tách KL bản vẽ",IF(H46>=0,"Được đặt hàng tối đa "&G46&" "&E46,"Vượt dự toán "&ABS(H46)&" "&E46&" (QS giải trình & duyệt sửa BOQ)")),"")
B48: 2 | C48: Miệng gió, van gió
A49: DHKK-A.I.2.1 | C49: FAG 200x200 kèm OBD | D49: Cái | E49: Cái | F49: 5 | G49: =F49 | H49: =IF(OR(ISNUMBER(F49),ISNUMBER(G49)),N(F49)-N(G49),"") | I49: Miệng gió loại nan bầu dục 1 lớp nan kèm OBD | J49: =IF(OR(ISNUMBER(F49),ISNUMBER(G49)),IF(ISBLANK(G49),"⚠️ Chưa bóc tách định mức",IF(H49>=0,"✅ OK - Cho phép đặt hàng","❌ CHẶN ĐẶT HÀNG - CẦN BẢO VỆ KL")),"") | K49: =IF(OR(ISNUMBER(F49),ISNUMBER(G49)),IF(ISBLANK(G49),"Kỹ sư/Thầu phụ cần bóc tách KL bản vẽ",IF(H49>=0,"Được đặt hàng tối đa "&G49&" "&E49,"Vượt dự toán "&ABS(H49)&" "&E49&" (QS giải trình & duyệt sửa BOQ)")),"")
A50: DHKK-A.I.2.2 | C50: FAG 800x600 kèm OBD | D50: Cái | E50: Cái | F50: 100 | G50: =F50 | H50: =IF(OR(ISNUMBER(F50),ISNUMBER(G50)),N(F50)-N(G50),"") | I50: Miệng gió loại nan bầu dục 1 lớp nan kèm OBD | J50: =IF(OR(ISNUMBER(F50),ISNUMBER(G50)),IF(ISBLANK(G50),"⚠️ Chưa bóc tách định mức",IF(H50>=0,"✅ OK - Cho phép đặt hàng","❌ CHẶN ĐẶT HÀNG - CẦN BẢO VỆ KL")),"") | K50: =IF(OR(ISNUMBER(F50),ISNUMBER(G50)),IF(ISBLANK(G50),"Kỹ sư/Thầu phụ cần bóc tách KL bản vẽ",IF(H50>=0,"Được đặt hàng tối đa "&G50&" "&E50,"Vượt dự toán "&ABS(H50)&" "&E50&" (QS giải trình & duyệt sửa BOQ)")),"")
A51: DHKK-A.I.2.3 | C51: EAG 1200x350 kèm OBD | D51: Cái | E51: Cái | F51: 48 | G51: =F51 | H51: =IF(OR(ISNUMBER(F51),ISNUMBER(G51)),N(F51)-N(G51),"") | I51: Miệng gió loại nan bầu dục 1 lớp nan kèm OBD | J51: =IF(OR(ISNUMBER(F51),ISNUMBER(G51)),IF(ISBLANK(G51),"⚠️ Chưa bóc tách định mức",IF(H51>=0,"✅ OK - Cho phép đặt hàng","❌ CHẶN ĐẶT HÀNG - CẦN BẢO VỆ KL")),"") | K51: =IF(OR(ISNUMBER(F51),ISNUMBER(G51)),IF(ISBLANK(G51),"Kỹ sư/Thầu phụ cần bóc tách KL bản vẽ",IF(H51>=0,"Được đặt hàng tối đa "&G51&" "&E51,"Vượt dự toán "&ABS(H51)&" "&E51&" (QS giải trình & duyệt sửa BOQ)")),"")
A52: DHKK-A.I.2.4 | C52: EAG 1200x400 kèm OBD | D52: Cái | E52: Cái | F52: 48 | G52: =F52 | H52: =IF(OR(ISNUMBER(F52),ISNUMBER(G52)),N(F52)-N(G52),"") | I52: Miệng gió loại nan bầu dục 1 lớp nan kèm OBD | J52: =IF(OR(ISNUMBER(F52),ISNUMBER(G52)),IF(ISBLANK(G52),"⚠️ Chưa bóc tách định mức",IF(H52>=0,"✅ OK - Cho phép đặt hàng","❌ CHẶN ĐẶT HÀNG - CẦN BẢO VỆ KL")),"") | K52: =IF(OR(ISNUMBER(F52),ISNUMBER(G52)),IF(ISBLANK(G52),"Kỹ sư/Thầu phụ cần bóc tách KL bản vẽ",IF(H52>=0,"Được đặt hàng tối đa "&G52&" "&E52,"Vượt dự toán "&ABS(H52)&" "&E52&" (QS giải trình & duyệt sửa BOQ)")),"")
A53: DHKK-A.I.2.5 | C53: EAG 500x500 kèm OBD | D53: Cái | E53: Cái | F53: 0 | G53: =F53 | H53: =IF(OR(ISNUMBER(F53),ISNUMBER(G53)),N(F53)-N(G53),"") | I53: Miệng gió loại nan bầu dục 1 lớp nan kèm OBD | J53: =IF(OR(ISNUMBER(F53),ISNUMBER(G53)),IF(ISBLANK(G53),"⚠️ Chưa bóc tách định mức",IF(H53>=0,"✅ OK - Cho phép đặt hàng","❌ CHẶN ĐẶT HÀNG - CẦN BẢO VỆ KL")),"") | K53: =IF(OR(ISNUMBER(F53),ISNUMBER(G53)),IF(ISBLANK(G53),"Kỹ sư/Thầu phụ cần bóc tách KL bản vẽ",IF(H53>=0,"Được đặt hàng tối đa "&G53&" "&E53,"Vượt dự toán "&ABS(H53)&" "&E53&" (QS giải trình & duyệt sửa BOQ)")),"")
A54: DHKK-A.I.2.6 | C54: EAL 200x150+I.S | D54: Cái | E54: Cái | F54: 1 | G54: =F54 | H54: =IF(OR(ISNUMBER(F54),ISNUMBER(G54)),N(F54)-N(G54),"") | I54: Louver nan Z kèm LCCT | J54: =IF(OR(ISNUMBER(F54),ISNUMBER(G54)),IF(ISBLANK(G54),"⚠️ Chưa bóc tách định mức",IF(H54>=0,"✅ OK - Cho phép đặt hàng","❌ CHẶN ĐẶT HÀNG - CẦN BẢO VỆ KL")),"") | K54: =IF(OR(ISNUMBER(F54),ISNUMBER(G54)),IF(ISBLANK(G54),"Kỹ sư/Thầu phụ cần bóc tách KL bản vẽ",IF(H54>=0,"Được đặt hàng tối đa "&G54&" "&E54,"Vượt dự toán "&ABS(H54)&" "&E54&" (QS giải trình & duyệt sửa BOQ)")),"")
A55: DHKK-A.I.2.7 | C55: FAL 400x200 | D55: Cái | E55: Cái | F55: 4 | G55: =F55 | H55: =IF(OR(ISNUMBER(F55),ISNUMBER(G55)),N(F55)-N(G55),"") | I55: Louver nan Z kèm LCCT | J55: =IF(OR(ISNUMBER(F55),ISNUMBER(G55)),IF(ISBLANK(G55),"⚠️ Chưa bóc tách định mức",IF(H55>=0,"✅ OK - Cho phép đặt hàng","❌ CHẶN ĐẶT HÀNG - CẦN BẢO VỆ KL")),"") | K55: =IF(OR(ISNUMBER(F55),ISNUMBER(G55)),IF(ISBLANK(G55),"Kỹ sư/Thầu phụ cần bóc tách KL bản vẽ",IF(H55>=0,"Được đặt hàng tối đa "&G55&" "&E55,"Vượt dự toán "&ABS(H55)&" "&E55&" (QS giải trình & duyệt sửa BOQ)")),"")
A56: DHKK-A.I.2.8 | C56: FAL 400x400 | D56: Cái | E56: Cái | F56: 10 | G56: =F56 | H56: =IF(OR(ISNUMBER(F56),ISNUMBER(G56)),N(F56)-N(G56),"") | I56: Louver nan Z kèm LCCT | J56: =IF(OR(ISNUMBER(F56),ISNUMBER(G56)),IF(ISBLANK(G56),"⚠️ Chưa bóc tách định mức",IF(H56>=0,"✅ OK - Cho phép đặt hàng","❌ CHẶN ĐẶT HÀNG - CẦN BẢO VỆ KL")),"") | K56: =IF(OR(ISNUMBER(F56),ISNUMBER(G56)),IF(ISBLANK(G56),"Kỹ sư/Thầu phụ cần bóc tách KL bản vẽ",IF(H56>=0,"Được đặt hàng tối đa "&G56&" "&E56,"Vượt dự toán "&ABS(H56)&" "&E56&" (QS giải trình & duyệt sửa BOQ)")),"")
A57: DHKK-A.I.2.9 | C57: FAL 1000x300+I.S | D57: Cái | E57: Cái | F57: 2 | G57: =F57 | H57: =IF(OR(ISNUMBER(F57),ISNUMBER(G57)),N(F57)-N(G57),"") | I57: Louver nan Z kèm LCCT | J57: =IF(OR(ISNUMBER(F57),ISNUMBER(G57)),IF(ISBLANK(G57),"⚠️ Chưa bóc tách định mức",IF(H57>=0,"✅ OK - Cho phép đặt hàng","❌ CHẶN ĐẶT HÀNG - CẦN BẢO VỆ KL")),"") | K57: =IF(OR(ISNUMBER(F57),ISNUMBER(G57)),IF(ISBLANK(G57),"Kỹ sư/Thầu phụ cần bóc tách KL bản vẽ",IF(H57>=0,"Được đặt hàng tối đa "&G57&" "&E57,"Vượt dự toán "&ABS(H57)&" "&E57&" (QS giải trình & duyệt sửa BOQ)")),"")
A58: DHKK-A.I.2.10 | C58: FAL 1000x1000+I.S | D58: Cái | E58: Cái | F58: 1 | G58: =F58 | H58: =IF(OR(ISNUMBER(F58),ISNUMBER(G58)),N(F58)-N(G58),"") | I58: Louver nan Z kèm LCCT | J58: =IF(OR(ISNUMBER(F58),ISNUMBER(G58)),IF(ISBLANK(G58),"⚠️ Chưa bóc tách định mức",IF(H58>=0,"✅ OK - Cho phép đặt hàng","❌ CHẶN ĐẶT HÀNG - CẦN BẢO VỆ KL")),"") | K58: =IF(OR(ISNUMBER(F58),ISNUMBER(G58)),IF(ISBLANK(G58),"Kỹ sư/Thầu phụ cần bóc tách KL bản vẽ",IF(H58>=0,"Được đặt hàng tối đa "&G58&" "&E58,"Vượt dự toán "&ABS(H58)&" "&E58&" (QS giải trình & duyệt sửa BOQ)")),"")
A59: DHKK-A.I.2.11 | C59: FAL 1000x1500+I.S | D59: Cái | E59: Cái | F59: 1 | G59: =F59 | H59: =IF(OR(ISNUMBER(F59),ISNUMBER(G59)),N(F59)-N(G59),"") | I59: Louver nan Z kèm LCCT | J59: =IF(OR(ISNUMBER(F59),ISNUMBER(G59)),IF(ISBLANK(G59),"⚠️ Chưa bóc tách định mức",IF(H59>=0,"✅ OK - Cho phép đặt hàng","❌ CHẶN ĐẶT HÀNG - CẦN BẢO VỆ KL")),"") | K59: =IF(OR(ISNUMBER(F59),ISNUMBER(G59)),IF(ISBLANK(G59),"Kỹ sư/Thầu phụ cần bóc tách KL bản vẽ",IF(H59>=0,"Được đặt hàng tối đa "&G59&" "&E59,"Vượt dự toán "&ABS(H59)&" "&E59&" (QS giải trình & duyệt sửa BOQ)")),"")
A60: DHKK-A.I.2.12 | C60: FAL 1500x1000+I.S | D60: Cái | E60: Cái | F60: 0 | G60: =F60 | H60: =IF(OR(ISNUMBER(F60),ISNUMBER(G60)),N(F60)-N(G60),"") | I60: Louver nan Z kèm LCCT | J60: =IF(OR(ISNUMBER(F60),ISNUMBER(G60)),IF(ISBLANK(G60),"⚠️ Chưa bóc tách định mức",IF(H60>=0,"✅ OK - Cho phép đặt hàng","❌ CHẶN ĐẶT HÀNG - CẦN BẢO VỆ KL")),"") | K60: =IF(OR(ISNUMBER(F60),ISNUMBER(G60)),IF(ISBLANK(G60),"Kỹ sư/Thầu phụ cần bóc tách KL bản vẽ",IF(H60>=0,"Được đặt hàng tối đa "&G60&" "&E60,"Vượt dự toán "&ABS(H60)&" "&E60&" (QS giải trình & duyệt sửa BOQ)")),"")
... A93: DHKK-A.I.2.45 | C93: NRD 1800x600 | D93: Cái | E93: Cái | F93: 0 | G93: =F93 | H93: =IF(OR(ISNUMBER(F93),ISNUMBER(G93)),N(F93)-N(G93),"") | I93: EI60 | J93: =IF(OR(ISNUMBER(F93),ISNUMBER(G93)),IF(ISBLANK(G93),"⚠️ Chưa bóc tách định mức",IF(H93>=0,"✅ OK - Cho phép đặt hàng","❌ CHẶN ĐẶT HÀNG - CẦN BẢO VỆ KL")),"") | K93: =IF(OR(ISNUMBER(F93),ISNUMBER(G93)),IF(ISBLANK(G93),"Kỹ sư/Thầu phụ cần bóc tách KL bản vẽ",IF(H93>=0,"Được đặt hàng tối đa "&G93&" "&E93,"Vượt dự toán "&ABS(H93)&" "&E93&" (QS giải trình & duyệt sửa BOQ)")),"")
A94: DHKK-A.I.2.46 | C94: NRD 200x300 | D94: Cái | E94: Cái | F94: 0 | G94: =F94 | H94: =IF(OR(ISNUMBER(F94),ISNUMBER(G94)),N(F94)-N(G94),"") | J94: =IF(OR(ISNUMBER(F94),ISNUMBER(G94)),IF(ISBLANK(G94),"⚠️ Chưa bóc tách định mức",IF(H94>=0,"✅ OK - Cho phép đặt hàng","❌ CHẶN ĐẶT HÀNG - CẦN BẢO VỆ KL")),"") | K94: =IF(OR(ISNUMBER(F94),ISNUMBER(G94)),IF(ISBLANK(G94),"Kỹ sư/Thầu phụ cần bóc tách KL bản vẽ",IF(H94>=0,"Được đặt hàng tối đa "&G94&" "&E94,"Vượt dự toán "&ABS(H94)&" "&E94&" (QS giải trình & duyệt sửa BOQ)")),"")
A95: DHKK-A.I.2.47 | C95: NRD 200x200 | D95: Cái | E95: Cái | F95: 1 | G95: =F95 | H95: =IF(OR(ISNUMBER(F95),ISNUMBER(G95)),N(F95)-N(G95),"") | J95: =IF(OR(ISNUMBER(F95),ISNUMBER(G95)),IF(ISBLANK(G95),"⚠️ Chưa bóc tách định mức",IF(H95>=0,"✅ OK - Cho phép đặt hàng","❌ CHẶN ĐẶT HÀNG - CẦN BẢO VỆ KL")),"") | K95: =IF(OR(ISNUMBER(F95),ISNUMBER(G95)),IF(ISBLANK(G95),"Kỹ sư/Thầu phụ cần bóc tách KL bản vẽ",IF(H95>=0,"Được đặt hàng tối đa "&G95&" "&E95,"Vượt dự toán "&ABS(H95)&" "&E95&" (QS giải trình & duyệt sửa BOQ)")),"")
A96: DHKK-A.I.2.48 | C96: NRD 200x150 | D96: Cái | E96: Cái | F96: 1 | G96: =F96 | H96: =IF(OR(ISNUMBER(F96),ISNUMBER(G96)),N(F96)-N(G96),"") | J96: =IF(OR(ISNUMBER(F96),ISNUMBER(G96)),IF(ISBLANK(G96),"⚠️ Chưa bóc tách định mức",IF(H96>=0,"✅ OK - Cho phép đặt hàng","❌ CHẶN ĐẶT HÀNG - CẦN BẢO VỆ KL")),"") | K96: =IF(OR(ISNUMBER(F96),ISNUMBER(G96)),IF(ISBLANK(G96),"Kỹ sư/Thầu phụ cần bóc tách KL bản vẽ",IF(H96>=0,"Được đặt hàng tối đa "&G96&" "&E96,"Vượt dự toán "&ABS(H96)&" "&E96&" (QS giải trình & duyệt sửa BOQ)")),"")
B98: 3 | C98: Ống gió
A99: DHKK-A.I.3.1 | C99: Ống gió tole mạ kẽm dày 0.58mm | D99: m2 | E99: m2 | F99: 79 | H99: =IF(OR(ISNUMBER(F99),ISNUMBER(G99)),N(F99)-N(G99),"") | J99: =IF(OR(ISNUMBER(F99),ISNUMBER(G99)),IF(ISBLANK(G99),"⚠️ Chưa bóc tách định mức",IF(H99>=0,"✅ OK - Cho phép đặt hàng","❌ CHẶN ĐẶT HÀNG - CẦN BẢO VỆ KL")),"") | K99: =IF(OR(ISNUMBER(F99),ISNUMBER(G99)),IF(ISBLANK(G99),"Kỹ sư/Thầu phụ cần bóc tách KL bản vẽ",IF(H99>=0,"Được đặt hàng tối đa "&G99&" "&E99,"Vượt dự toán "&ABS(H99)&" "&E99&" (QS giải trình & duyệt sửa BOQ)")),"")
A100: DHKK-A.I.3.2 | C100: Ống gió tole mạ kẽm dày 0.75mm | D100: m2 | E100: m2 | F100: 61 | H100: =IF(OR(ISNUMBER(F100),ISNUMBER(G100)),N(F100)-N(G100),"") | J100: =IF(OR(ISNUMBER(F100),ISNUMBER(G100)),IF(ISBLANK(G100),"⚠️ Chưa bóc tách định mức",IF(H100>=0,"✅ OK - Cho phép đặt hàng","❌ CHẶN ĐẶT HÀNG - CẦN BẢO VỆ KL")),"") | K100: =IF(OR(ISNUMBER(F100),ISNUMBER(G100)),IF(ISBLANK(G100),"Kỹ sư/Thầu phụ cần bóc tách KL bản vẽ",IF(H100>=0,"Được đặt hàng tối đa "&G100&" "&E100,"Vượt dự toán "&ABS(H100)&" "&E100&" (QS giải trình & duyệt sửa BOQ)")),"")
A101: DHKK-A.I.3.3 | C101: Ống gió tole mạ kẽm dày 0.95mm | D101: m2 | E101: m2 | F101: 66 | H101: =IF(OR(ISNUMBER(F101),ISNUMBER(G101)),N(F101)-N(G101),"") | J101: =IF(OR(ISNUMBER(F101),ISNUMBER(G101)),IF(ISBLANK(G101),"⚠️ Chưa bóc tách định mức",IF(H101>=0,"✅ OK - Cho phép đặt hàng","❌ CHẶN ĐẶT HÀNG - CẦN BẢO VỆ KL")),"") | K101: =IF(OR(ISNUMBER(F101),ISNUMBER(G101)),IF(ISBLANK(G101),"Kỹ sư/Thầu phụ cần bóc tách KL bản vẽ",IF(H101>=0,"Được đặt hàng tối đa "&G101&" "&E101,"Vượt dự toán "&ABS(H101)&" "&E101&" (QS giải trình & duyệt sửa BOQ)")),"")
A102: DHKK-A.I.3.4 | C102: Ống gió tole mạ kẽm dày 1.15mm | D102: m2 | E102: m2 | F102: 28 | H102: =IF(OR(ISNUMBER(F102),ISNUMBER(G102)),N(F102)-N(G102),"") | J102: =IF(OR(ISNUMBER(F102),ISNUMBER(G102)),IF(ISBLANK(G102),"⚠️ Chưa bóc tách định mức",IF(H102>=0,"✅ OK - Cho phép đặt hàng","❌ CHẶN ĐẶT HÀNG - CẦN BẢO VỆ KL")),"") | K102: =IF(OR(ISNUMBER(F102),ISNUMBER(G102)),IF(ISBLANK(G102),"Kỹ sư/Thầu phụ cần bóc tách KL bản vẽ",IF(H102>=0,"Được đặt hàng tối đa "&G102&" "&E102,"Vượt dự toán "&ABS(H102)&" "&E102&" (QS giải trình & duyệt sửa BOQ)")),"")
A103: DHKK-A.I.3.5 | C103: Ống gió tole mạ kẽm dày 0.75mm, chống cháy EI60 | D103: m2 | E103: m2 | F103: 4761 | H103: =IF(OR(ISNUMBER(F103),ISNUMBER(G103)),N(F103)-N(G103),"") | J103: =IF(OR(ISNUMBER(F103),ISNUMBER(G103)),IF(ISBLANK(G103),"⚠️ Chưa bóc tách định mức",IF(H103>=0,"✅ OK - Cho phép đặt hàng","❌ CHẶN ĐẶT HÀNG - CẦN BẢO VỆ KL")),"") | K103: =IF(OR(ISNUMBER(F103),ISNUMBER(G103)),IF(ISBLANK(G103),"Kỹ sư/Thầu phụ cần bóc tách KL bản vẽ",IF(H103>=0,"Được đặt hàng tối đa "&G103&" "&E103,"Vượt dự toán "&ABS(H103)&" "&E103&" (QS giải trình & duyệt sửa BOQ)")),"")
A104: DHKK-A.I.3.6 | C104: Ống gió tole tráng kẽm dày 0.75mm, chống cháy EI60 kèm tiêu âm dày 50mm | D104: m2 | E104: m2 | F104: 982 | H104: =IF(OR(ISNUMBER(F104),ISNUMBER(G104)),N(F104)-N(G104),"") | I104: Tiêu âm ống gió bằng rockwool dày 50mm, tỷ trọng 80kg/m3 | J104: =IF(OR(ISNUMBER(F104),ISNUMBER(G104)),IF(ISBLANK(G104),"⚠️ Chưa bóc tách định mức",IF(H104>=0,"✅ OK - Cho phép đặt hàng","❌ CHẶN ĐẶT HÀNG - CẦN BẢO VỆ KL")),"") | K104: =IF(OR(ISNUMBER(F104),ISNUMBER(G104)),IF(ISBLANK(G104),"Kỹ sư/Thầu phụ cần bóc tách KL bản vẽ",IF(H104>=0,"Được đặt hàng tối đa "&G104&" "&E104,"Vượt dự toán "&ABS(H104)&" "&E104&" (QS giải trình & duyệt sửa BOQ)")),"")
A105: DHKK-A.I.3.7 | C105: Ống gió mềm không cách nhiệt D150 | D105: m | E105: m | F105: 15 | H105: =IF(OR(ISNUMBER(F105),ISNUMBER(G105)),N(F105)-N(G105),"") | J105: =IF(OR(ISNUMBER(F105),ISNUMBER(G105)),IF(ISBLANK(G105),"⚠️ Chưa bóc tách định mức",IF(H105>=0,"✅ OK - Cho phép đặt hàng","❌ CHẶN ĐẶT HÀNG - CẦN BẢO VỆ KL")),"") | K105: =IF(OR(ISNUMBER(F105),ISNUMBER(G105)),IF(ISBLANK(G105),"Kỹ sư/Thầu phụ cần bóc tách KL bản vẽ",IF(H105>=0,"Được đặt hàng tối đa "&G105&" "&E105,"Vượt dự toán "&ABS(H105)&" "&E105&" (QS giải trình & duyệt sửa BOQ)")),"")
B107: 4 | C107: Phần điều khiển
A108: DHKK-A.I.4.1 | C108: 3x1Cx2.5 mm2 CV-FR | D108: m | E108: m | F108: 1754 | H108: =IF(OR(ISNUMBER(F108),ISNUMBER(G108)),N(F108)-N(G108),"") | J108: =IF(OR(ISNUMBER(F108),ISNUMBER(G108)),IF(ISBLANK(G108),"⚠️ Chưa bóc tách định mức",IF(H108>=0,"✅ OK - Cho phép đặt hàng","❌ CHẶN ĐẶT HÀNG - CẦN BẢO VỆ KL")),"") | K108: =IF(OR(ISNUMBER(F108),ISNUMBER(G108)),IF(ISBLANK(G108),"Kỹ sư/Thầu phụ cần bóc tách KL bản vẽ",IF(H108>=0,"Được đặt hàng tối đa "&G108&" "&E108,"Vượt dự toán "&ABS(H108)&" "&E108&" (QS giải trình & duyệt sửa BOQ)")),"")
A109: DHKK-A.I.4.2 | C109: 4C-1.5mm² Cu/PVC/FR | D109: m | E109: m | F109: 5395 | H109: =IF(OR(ISNUMBER(F109),ISNUMBER(G109)),N(F109)-N(G109),"") | J109: =IF(OR(ISNUMBER(F109),ISNUMBER(G109)),IF(ISBLANK(G109),"⚠️ Chưa bóc tách định mức",IF(H109>=0,"✅ OK - Cho phép đặt hàng","❌ CHẶN ĐẶT HÀNG - CẦN BẢO VỆ KL")),"") | K109: =IF(OR(ISNUMBER(F109),ISNUMBER(G109)),IF(ISBLANK(G109),"Kỹ sư/Thầu phụ cần bóc tách KL bản vẽ",IF(H109>=0,"Được đặt hàng tối đa "&G109&" "&E109,"Vượt dự toán "&ABS(H109)&" "&E109&" (QS giải trình & duyệt sửa BOQ)")),"")
A110: DHKK-A.I.4.3 | C110: 2C-1.5mm² Cu/PVC/FR | D110: m | E110: m | F110: 0 | H110: =IF(OR(ISNUMBER(F110),ISNUMBER(G110)),N(F110)-N(G110),"") | J110: =IF(OR(ISNUMBER(F110),ISNUMBER(G110)),IF(ISBLANK(G110),"⚠️ Chưa bóc tách định mức",IF(H110>=0,"✅ OK - Cho phép đặt hàng","❌ CHẶN ĐẶT HÀNG - CẦN BẢO VỆ KL")),"") | K110: =IF(OR(ISNUMBER(F110),ISNUMBER(G110)),IF(ISBLANK(G110),"Kỹ sư/Thầu phụ cần bóc tách KL bản vẽ",IF(H110>=0,"Được đặt hàng tối đa "&G110&" "&E110,"Vượt dự toán "&ABS(H110)&" "&E110&" (QS giải trình & duyệt sửa BOQ)")),"")
A111: DHKK-A.I.4.4 | C111: 3Cx1.5mm2 Cu/PVC | D111: m | E111: m | F111: 270 | H111: =IF(OR(ISNUMBER(F111),ISNUMBER(G111)),N(F111)-N(G111),"") | J111: =IF(OR(ISNUMBER(F111),ISNUMBER(G111)),IF(ISBLANK(G111),"⚠️ Chưa bóc tách định mức",IF(H111>=0,"✅ OK - Cho phép đặt hàng","❌ CHẶN ĐẶT HÀNG - CẦN BẢO VỆ KL")),"") | K111: =IF(OR(ISNUMBER(F111),ISNUMBER(G111)),IF(ISBLANK(G111),"Kỹ sư/Thầu phụ cần bóc tách KL bản vẽ",IF(H111>=0,"Được đặt hàng tối đa "&G111&" "&E111,"Vượt dự toán "&ABS(H111)&" "&E111&" (QS giải trình & duyệt sửa BOQ)")),"")
A112: DHKK-A.I.4.8 | C112: Khay cáp 600Wx100H | D112: m | E112: m | F112: 24 | H112: =IF(OR(ISNUMBER(F112),ISNUMBER(G112)),N(F112)-N(G112),"") | I112: Khay cáp đột lỗ: W600xH100xT1.5 Thép đen sơn tĩnh điện, Kèm nắp | J112: =IF(OR(ISNUMBER(F112),ISNUMBER(G112)),IF(ISBLANK(G112),"⚠️ Chưa bóc tách định mức",IF(H112>=0,"✅ OK - Cho phép đặt hàng","❌ CHẶN ĐẶT HÀNG - CẦN BẢO VỆ KL")),"") | K112: =IF(OR(ISNUMBER(F112),ISNUMBER(G112)),IF(ISBLANK(G112),"Kỹ sư/Thầu phụ cần bóc tách KL bản vẽ",IF(H112>=0,"Được đặt hàng tối đa "&G112&" "&E112,"Vượt dự toán "&ABS(H112)&" "&E112&" (QS giải trình & duyệt sửa BOQ)")),"")
A113: DHKK-A.I.4.9 | C113: Cảm biến nhiệt độ | D113: Bộ | E113: Bộ | F113: 18 | H113: =IF(OR(ISNUMBER(F113),ISNUMBER(G113)),N(F113)-N(G113),"") | J113: =IF(OR(ISNUMBER(F113),ISNUMBER(G113)),IF(ISBLANK(G113),"⚠️ Chưa bóc tách định mức",IF(H113>=0,"✅ OK - Cho phép đặt hàng","❌ CHẶN ĐẶT HÀNG - CẦN BẢO VỆ KL")),"") | K113: =IF(OR(ISNUMBER(F113),ISNUMBER(G113)),IF(ISBLANK(G113),"Kỹ sư/Thầu phụ cần bóc tách KL bản vẽ",IF(H113>=0,"Được đặt hàng tối đa "&G113&" "&E113,"Vượt dự toán "&ABS(H113)&" "&E113&" (QS giải trình & duyệt sửa BOQ)")),"")
A114: DHKK-A.I.4.10 | C114: Đầu đo nồng độ CO | D114: Bộ | E114: Bộ | F114: 30 | H114: =IF(OR(ISNUMBER(F114),ISNUMBER(G114)),N(F114)-N(G114),"") | J114: =IF(OR(ISNUMBER(F114),ISNUMBER(G114)),IF(ISBLANK(G114),"⚠️ Chưa bóc tách định mức",IF(H114>=0,"✅ OK - Cho phép đặt hàng","❌ CHẶN ĐẶT HÀNG - CẦN BẢO VỆ KL")),"") | K114: =IF(OR(ISNUMBER(F114),ISNUMBER(G114)),IF(ISBLANK(G114),"Kỹ sư/Thầu phụ cần bóc tách KL bản vẽ",IF(H114>=0,"Được đặt hàng tối đa "&G114&" "&E114,"Vượt dự toán "&ABS(H114)&" "&E114&" (QS giải trình & duyệt sửa BOQ)")),"")
A115: DHKK-A.I.4.11 | C115: Tủ trung gian cho MFD | D115: Bộ | E115: Bộ | F115: 10 | H115: =IF(OR(ISNUMBER(F115),ISNUMBER(G115)),N(F115)-N(G115),"") | J115: =IF(OR(ISNUMBER(F115),ISNUMBER(G115)),IF(ISBLANK(G115),"⚠️ Chưa bóc tách định mức",IF(H115>=0,"✅ OK - Cho phép đặt hàng","❌ CHẶN ĐẶT HÀNG - CẦN BẢO VỆ KL")),"") | K115: =IF(OR(ISNUMBER(F115),ISNUMBER(G115)),IF(ISBLANK(G115),"Kỹ sư/Thầu phụ cần bóc tách KL bản vẽ",IF(H115>=0,"Được đặt hàng tối đa "&G115&" "&E115,"Vượt dự toán "&ABS(H115)&" "&E115&" (QS giải trình & duyệt sửa BOQ)")),"")
A116: DHKK-A.I.4.12 | C116: Tủ điều khiển DDC | D116: Bộ | E116: Bộ | F116: 8 | H116: =IF(OR(ISNUMBER(F116),ISNUMBER(G116)),N(F116)-N(G116),"") | J116: =IF(OR(ISNUMBER(F116),ISNUMBER(G116)),IF(ISBLANK(G116),"⚠️ Chưa bóc tách định mức",IF(H116>=0,"✅ OK - Cho phép đặt hàng","❌ CHẶN ĐẶT HÀNG - CẦN BẢO VỆ KL")),"") | K116: =IF(OR(ISNUMBER(F116),ISNUMBER(G116)),IF(ISBLANK(G116),"Kỹ sư/Thầu phụ cần bóc tách KL bản vẽ",IF(H116>=0,"Được đặt hàng tối đa "&G116&" "&E116,"Vượt dự toán "&ABS(H116)&" "&E116&" (QS giải trình & duyệt sửa BOQ)")),"")
B118: II | C118: HỆ THỐNG TẠO ÁP
B119: 1 | C119: Quạt thông gió
A120: DHKK-A.II.1.1 | C120: Quạt cấp khí kiểu hướng trục nối ống gió PAF-B1-01 + Lưu lượng: 12500 l/s + Áp suất : 700 Pa | D120: Bộ | E120: Bộ | F120: 1 | H120: =IF(OR(ISNUMBER(F120),ISNUMBER(G120)),N(F120)-N(G120),"") | J120: =IF(OR(ISNUMBER(F120),ISNUMBER(G120)),IF(ISBLANK(G120),"⚠️ Chưa bóc tách định mức",IF(H120>=0,"✅ OK - Cho phép đặt hàng","❌ CHẶN ĐẶT HÀNG - CẦN BẢO VỆ KL")),"") | K120: =IF(OR(ISNUMBER(F120),ISNUMBER(G120)),IF(ISBLANK(G120),"Kỹ sư/Thầu phụ cần bóc tách KL bản vẽ",IF(H120>=0,"Được đặt hàng tối đa "&G120&" "&E120,"Vượt dự toán "&ABS(H120)&" "&E120&" (QS giải trình & duyệt sửa BOQ)")),"")
A121: DHKK-A.II.1.2 | C121: Quạt cấp khí kiểu hướng trục nối ống gió PAF-B1-02 + Lưu lượng: 3570 l/s + Áp suất : 700 Pa | D121: Bộ | E121: Bộ | F121: 1 | H121: =IF(OR(ISNUMBER(F121),ISNUMBER(G121)),N(F121)-N(G121),"") | J121: =IF(OR(ISNUMBER(F121),ISNUMBER(G121)),IF(ISBLANK(G121),"⚠️ Chưa bóc tách định mức",IF(H121>=0,"✅ OK - Cho phép đặt hàng","❌ CHẶN ĐẶT HÀNG - CẦN BẢO VỆ KL")),"") | K121: =IF(OR(ISNUMBER(F121),ISNUMBER(G121)),IF(ISBLANK(G121),"Kỹ sư/Thầu phụ cần bóc tách KL bản vẽ",IF(H121>=0,"Được đặt hàng tối đa "&G121&" "&E121,"Vượt dự toán "&ABS(H121)&" "&E121&" (QS giải trình & duyệt sửa BOQ)")),"")
A122: DHKK-A.II.1.3 | C122: Quạt cấp khí kiểu hướng trục nối ống gió PAF-B1-03,04 + Lưu lượng: 9630 l/s + Áp suất : 700 Pa | D122: Bộ | E122: Bộ | F122: 1 | H122: =IF(OR(ISNUMBER(F122),ISNUMBER(G122)),N(F122)-N(G122),"") | J122: =IF(OR(ISNUMBER(F122),ISNUMBER(G122)),IF(ISBLANK(G122),"⚠️ Chưa bóc tách định mức",IF(H122>=0,"✅ OK - Cho phép đặt hàng","❌ CHẶN ĐẶT HÀNG - CẦN BẢO VỆ KL")),"") | K122: =IF(OR(ISNUMBER(F122),ISNUMBER(G122)),IF(ISBLANK(G122),"Kỹ sư/Thầu phụ cần bóc tách KL bản vẽ",IF(H122>=0,"Được đặt hàng tối đa "&G122&" "&E122,"Vượt dự toán "&ABS(H122)&" "&E122&" (QS giải trình & duyệt sửa BOQ)")),"")
A123: DHKK-A.II.1.4 | C123: Quạt cấp khí kiểu hướng trục nối ống gió PAF-B1-05 + Lưu lượng: 6060 l/s + Áp suất : 500 Pa | D123: Bộ | E123: Bộ | F123: 0 | H123: =IF(OR(ISNUMBER(F123),ISNUMBER(G123)),N(F123)-N(G123),"") | J123: =IF(OR(ISNUMBER(F123),ISNUMBER(G123)),IF(ISBLANK(G123),"⚠️ Chưa bóc tách định mức",IF(H123>=0,"✅ OK - Cho phép đặt hàng","❌ CHẶN ĐẶT HÀNG - CẦN BẢO VỆ KL")),"") | K123: =IF(OR(ISNUMBER(F123),ISNUMBER(G123)),IF(ISBLANK(G123),"Kỹ sư/Thầu phụ cần bóc tách KL bản vẽ",IF(H123>=0,"Được đặt hàng tối đa "&G123&" "&E123,"Vượt dự toán "&ABS(H123)&" "&E123&" (QS giải trình & duyệt sửa BOQ)")),"")
A124: DHKK-A.II.1.5 | C124: Quạt cấp khí kiểu hướng trục nối ống gió PAF-B1-06 + Lưu lượng: 3950 l/s + Áp suất : 500 Pa | D124: Bộ | E124: Bộ | F124: 0 | H124: =IF(OR(ISNUMBER(F124),ISNUMBER(G124)),N(F124)-N(G124),"") | J124: =IF(OR(ISNUMBER(F124),ISNUMBER(G124)),IF(ISBLANK(G124),"⚠️ Chưa bóc tách định mức",IF(H124>=0,"✅ OK - Cho phép đặt hàng","❌ CHẶN ĐẶT HÀNG - CẦN BẢO VỆ KL")),"") | K124: =IF(OR(ISNUMBER(F124),ISNUMBER(G124)),IF(ISBLANK(G124),"Kỹ sư/Thầu phụ cần bóc tách KL bản vẽ",IF(H124>=0,"Được đặt hàng tối đa "&G124&" "&E124,"Vượt dự toán "&ABS(H124)&" "&E124&" (QS giải trình & duyệt sửa BOQ)")),"")
A125: DHKK-A.II.1.6 | C125: Nối mềm cho quạt | D125: Bộ | E125: Bộ | F125: 3 | H125: =IF(OR(ISNUMBER(F125),ISNUMBER(G125)),N(F125)-N(G125),"") | I125: 1 bộ gồm 2 cái | J125: =IF(OR(ISNUMBER(F125),ISNUMBER(G125)),IF(ISBLANK(G125),"⚠️ Chưa bóc tách định mức",IF(H125>=0,"✅ OK - Cho phép đặt hàng","❌ CHẶN ĐẶT HÀNG - CẦN BẢO VỆ KL")),"") | K125: =IF(OR(ISNUMBER(F125),ISNUMBER(G125)),IF(ISBLANK(G125),"Kỹ sư/Thầu phụ cần bóc tách KL bản vẽ",IF(H125>=0,"Được đặt hàng tối đa "&G125&" "&E125,"Vượt dự toán "&ABS(H125)&" "&E125&" (QS giải trình & duyệt sửa BOQ)")),"")
B127: 2 | C127: Miệng gió, van gió
A128: DHKK-A.II.2.1 | C128: FAG 1000x500 kèm OBD | D128: Cái | E128: Cái | F128: 6 | H128: =IF(OR(ISNUMBER(F128),ISNUMBER(G128)),N(F128)-N(G128),"") | I128: Miệng gió loại nan bầu dục 1 lớp nan kèm OBD | J128: =IF(OR(ISNUMBER(F128),ISNUMBER(G128)),IF(ISBLANK(G128),"⚠️ Chưa bóc tách định mức",IF(H128>=0,"✅ OK - Cho phép đặt hàng","❌ CHẶN ĐẶT HÀNG - CẦN BẢO VỆ KL")),"") | K128: =IF(OR(ISNUMBER(F128),ISNUMBER(G128)),IF(ISBLANK(G128),"Kỹ sư/Thầu phụ cần bóc tách KL bản vẽ",IF(H128>=0,"Được đặt hàng tối đa "&G128&" "&E128,"Vượt dự toán "&ABS(H128)&" "&E128&" (QS giải trình & duyệt sửa BOQ)")),"")
A129: DHKK-A.II.2.2 | C129: FAG 800x600 kèm OBD | D129: Cái | E129: Cái | F129: 10 | H129: =IF(OR(ISNUMBER(F129),ISNUMBER(G129)),N(F129)-N(G129),"") | I129: Miệng gió loại nan bầu dục 1 lớp nan kèm OBD | J129: =IF(OR(ISNUMBER(F129),ISNUMBER(G129)),IF(ISBLANK(G129),"⚠️ Chưa bóc tách định mức",IF(H129>=0,"✅ OK - Cho phép đặt hàng","❌ CHẶN ĐẶT HÀNG - CẦN BẢO VỆ KL")),"") | K129: =IF(OR(ISNUMBER(F129),ISNUMBER(G129)),IF(ISBLANK(G129),"Kỹ sư/Thầu phụ cần bóc tách KL bản vẽ",IF(H129>=0,"Được đặt hàng tối đa "&G129&" "&E129,"Vượt dự toán "&ABS(H129)&" "&E129&" (QS giải trình & duyệt sửa BOQ)")),"")
A130: DHKK-A.II.2.3 | C130: FAG 600x800 kèm OBD | D130: Cái | E130: Cái | F130: 6 | H130: =IF(OR(ISNUMBER(F130),ISNUMBER(G130)),N(F130)-N(G130),"") | I130: Miệng gió loại nan bầu dục 1 lớp nan kèm OBD | J130: =IF(OR(ISNUMBER(F130),ISNUMBER(G130)),IF(ISBLANK(G130),"⚠️ Chưa bóc tách định mức",IF(H130>=0,"✅ OK - Cho phép đặt hàng","❌ CHẶN ĐẶT HÀNG - CẦN BẢO VỆ KL")),"") | K130: =IF(OR(ISNUMBER(F130),ISNUMBER(G130)),IF(ISBLANK(G130),"Kỹ sư/Thầu phụ cần bóc tách KL bản vẽ",IF(H130>=0,"Được đặt hàng tối đa "&G130&" "&E130,"Vượt dự toán "&ABS(H130)&" "&E130&" (QS giải trình & duyệt sửa BOQ)")),"")
A131: DHKK-A.II.2.4 | C131: FAG 500x300 kèm OBD | D131: Cái | E131: Cái | F131: 1 | H131: =IF(OR(ISNUMBER(F131),ISNUMBER(G131)),N(F131)-N(G131),"") | I131: Miệng gió loại nan bầu dục 1 lớp nan kèm OBD | J131: =IF(OR(ISNUMBER(F131),ISNUMBER(G131)),IF(ISBLANK(G131),"⚠️ Chưa bóc tách định mức",IF(H131>=0,"✅ OK - Cho phép đặt hàng","❌ CHẶN ĐẶT HÀNG - CẦN BẢO VỆ KL")),"") | K131: =IF(OR(ISNUMBER(F131),ISNUMBER(G131)),IF(ISBLANK(G131),"Kỹ sư/Thầu phụ cần bóc tách KL bản vẽ",IF(H131>=0,"Được đặt hàng tối đa "&G131&" "&E131,"Vượt dự toán "&ABS(H131)&" "&E131&" (QS giải trình & duyệt sửa BOQ)")),"")
A132: DHKK-A.II.2.5 | C132: FAG 400x1200 kèm OBD | D132: Cái | E132: Cái | F132: 0 | H132: =IF(OR(ISNUMBER(F132),ISNUMBER(G132)),N(F132)-N(G132),"") | I132: Miệng gió loại nan bầu dục 1 lớp nan kèm OBD | J132: =IF(OR(ISNUMBER(F132),ISNUMBER(G132)),IF(ISBLANK(G132),"⚠️ Chưa bóc tách định mức",IF(H132>=0,"✅ OK - Cho phép đặt hàng","❌ CHẶN ĐẶT HÀNG - CẦN BẢO VỆ KL")),"") | K132: =IF(OR(ISNUMBER(F132),ISNUMBER(G132)),IF(ISBLANK(G132),"Kỹ sư/Thầu phụ cần bóc tách KL bản vẽ",IF(H132>=0,"Được đặt hàng tối đa "&G132&" "&E132,"Vượt dự toán "&ABS(H132)&" "&E132&" (QS giải trình & duyệt sửa BOQ)")),"")
A133: DHKK-A.II.2.6 | C133: FAG 300x1200 kèm OBD | D133: Cái | E133: Cái | F133: 0 | H133: =IF(OR(ISNUMBER(F133),ISNUMBER(G133)),N(F133)-N(G133),"") | I133: Miệng gió loại nan bầu dục 1 lớp nan kèm OBD | J133: =IF(OR(ISNUMBER(F133),ISNUMBER(G133)),IF(ISBLANK(G133),"⚠️ Chưa bóc tách định mức",IF(H133>=0,"✅ OK - Cho phép đặt hàng","❌ CHẶN ĐẶT HÀNG - CẦN BẢO VỆ KL")),"") | K133: =IF(OR(ISNUMBER(F133),ISNUMBER(G133)),IF(ISBLANK(G133),"Kỹ sư/Thầu phụ cần bóc tách KL bản vẽ",IF(H133>=0,"Được đặt hàng tối đa "&G133&" "&E133,"Vượt dự toán "&ABS(H133)&" "&E133&" (QS giải trình & duyệt sửa BOQ)")),"")
A134: DHKK-A.II.2.7 | C134: MD 1200x500 | D134: Cái | E134: Cái | F134: 1 | H134: =IF(OR(ISNUMBER(F134),ISNUMBER(G134)),N(F134)-N(G134),"") | I134: EI60 | J134: =IF(OR(ISNUMBER(F134),ISNUMBER(G134)),IF(ISBLANK(G134),"⚠️ Chưa bóc tách định mức",IF(H134>=0,"✅ OK - Cho phép đặt hàng","❌ CHẶN ĐẶT HÀNG - CẦN BẢO VỆ KL")),"") | K134: =IF(OR(ISNUMBER(F134),ISNUMBER(G134)),IF(ISBLANK(G134),"Kỹ sư/Thầu phụ cần bóc tách KL bản vẽ",IF(H134>=0,"Được đặt hàng tối đa "&G134&" "&E134,"Vượt dự toán "&ABS(H134)&" "&E134&" (QS giải trình & duyệt sửa BOQ)")),"")
A135: DHKK-A.II.2.8 | C135: MD 1000x300 | D135: Cái | E135: Cái | F135: 1 | H135: =IF(OR(ISNUMBER(F135),ISNUMBER(G135)),N(F135)-N(G135),"") | I135: EI60 | J135: =IF(OR(ISNUMBER(F135),ISNUMBER(G135)),IF(ISBLANK(G135),"⚠️ Chưa bóc tách định mức",IF(H135>=0,"✅ OK - Cho phép đặt hàng","❌ CHẶN ĐẶT HÀNG - CẦN BẢO VỆ KL")),"") | K135: =IF(OR(ISNUMBER(F135),ISNUMBER(G135)),IF(ISBLANK(G135),"Kỹ sư/Thầu phụ cần bóc tách KL bản vẽ",IF(H135>=0,"Được đặt hàng tối đa "&G135&" "&E135,"Vượt dự toán "&ABS(H135)&" "&E135&" (QS giải trình & duyệt sửa BOQ)")),"")
A136: DHKK-A.II.2.9 | C136: MD 1000x500 | D136: Cái | E136: Cái | F136: 0 | H136: =IF(OR(ISNUMBER(F136),ISNUMBER(G136)),N(F136)-N(G136),"") | I136: EI60 | J136: =IF(OR(ISNUMBER(F136),ISNUMBER(G136)),IF(ISBLANK(G136),"⚠️ Chưa bóc tách định mức",IF(H136>=0,"✅ OK - Cho phép đặt hàng","❌ CHẶN ĐẶT HÀNG - CẦN BẢO VỆ KL")),"") | K136: =IF(OR(ISNUMBER(F136),ISNUMBER(G136)),IF(ISBLANK(G136),"Kỹ sư/Thầu phụ cần bóc tách KL bản vẽ",IF(H136>=0,"Được đặt hàng tối đa "&G136&" "&E136,"Vượt dự toán "&ABS(H136)&" "&E136&" (QS giải trình & duyệt sửa BOQ)")),"")
A137: DHKK-A.II.2.10 | C137: MD 1000x600 | D137: Cái | E137: Cái | F137: 0 | H137: =IF(OR(ISNUMBER(F137),ISNUMBER(G137)),N(F137)-N(G137),"") | I137: EI60 | J137: =IF(OR(ISNUMBER(F137),ISNUMBER(G137)),IF(ISBLANK(G137),"⚠️ Chưa bóc tách định mức",IF(H137>=0,"✅ OK - Cho phép đặt hàng","❌ CHẶN ĐẶT HÀNG - CẦN BẢO VỆ KL")),"") | K137: =IF(OR(ISNUMBER(F137),ISNUMBER(G137)),IF(ISBLANK(G137),"Kỹ sư/Thầu phụ cần bóc tách KL bản vẽ",IF(H137>=0,"Được đặt hàng tối đa "&G137&" "&E137,"Vượt dự toán "&ABS(H137)&" "&E137&" (QS giải trình & duyệt sửa BOQ)")),"")
A138: DHKK-A.II.2.11 | C138: MD 1600x500 | D138: Cái | E138: Cái | F138: 0 | H138: =IF(OR(ISNUMBER(F138),ISNUMBER(G138)),N(F138)-N(G138),"") | I138: EI60 | J138: =IF(OR(ISNUMBER(F138),ISNUMBER(G138)),IF(ISBLANK(G138),"⚠️ Chưa bóc tách định mức",IF(H138>=0,"✅ OK - Cho phép đặt hàng","❌ CHẶN ĐẶT HÀNG - CẦN BẢO VỆ KL")),"") | K138: =IF(OR(ISNUMBER(F138),ISNUMBER(G138)),IF(ISBLANK(G138),"Kỹ sư/Thầu phụ cần bóc tách KL bản vẽ",IF(H138>=0,"Được đặt hàng tối đa "&G138&" "&E138,"Vượt dự toán "&ABS(H138)&" "&E138&" (QS giải trình & duyệt sửa BOQ)")),"")
A139: DHKK-A.II.2.12 | C139: MD 1600x600 | D139: Cái | E139: Cái | F139: 1 | H139: =IF(OR(ISNUMBER(F139),ISNUMBER(G139)),N(F139)-N(G139),"") | I139: EI60 | J139: =IF(OR(ISNUMBER(F139),ISNUMBER(G139)),IF(ISBLANK(G139),"⚠️ Chưa bóc tách định mức",IF(H139>=0,"✅ OK - Cho phép đặt hàng","❌ CHẶN ĐẶT HÀNG - CẦN BẢO VỆ KL")),"") | K139: =IF(OR(ISNUMBER(F139),ISNUMBER(G139)),IF(ISBLANK(G139),"Kỹ sư/Thầu phụ cần bóc tách KL bản vẽ",IF(H139>=0,"Được đặt hàng tối đa "&G139&" "&E139,"Vượt dự toán "&ABS(H139)&" "&E139&" (QS giải trình & duyệt sửa BOQ)")),"")
... A153: DHKK-A.II.2.26 | C153: NRD 1400x600 | D153: Cái | E153: Cái | F153: 2 | H153: =IF(OR(ISNUMBER(F153),ISNUMBER(G153)),N(F153)-N(G153),"") | I153: EI60 | J153: =IF(OR(ISNUMBER(F153),ISNUMBER(G153)),IF(ISBLANK(G153),"⚠️ Chưa bóc tách định mức",IF(H153>=0,"✅ OK - Cho phép đặt hàng","❌ CHẶN ĐẶT HÀNG - CẦN BẢO VỆ KL")),"") | K153: =IF(OR(ISNUMBER(F153),ISNUMBER(G153)),IF(ISBLANK(G153),"Kỹ sư/Thầu phụ cần bóc tách KL bản vẽ",IF(H153>=0,"Được đặt hàng tối đa "&G153&" "&E153,"Vượt dự toán "&ABS(H153)&" "&E153&" (QS giải trình & duyệt sửa BOQ)")),"")
A154: DHKK-A.II.2.27 | C154: PRD 1200x500 | D154: Cái | E154: Cái | F154: 6 | H154: =IF(OR(ISNUMBER(F154),ISNUMBER(G154)),N(F154)-N(G154),"") | J154: =IF(OR(ISNUMBER(F154),ISNUMBER(G154)),IF(ISBLANK(G154),"⚠️ Chưa bóc tách định mức",IF(H154>=0,"✅ OK - Cho phép đặt hàng","❌ CHẶN ĐẶT HÀNG - CẦN BẢO VỆ KL")),"") | K154: =IF(OR(ISNUMBER(F154),ISNUMBER(G154)),IF(ISBLANK(G154),"Kỹ sư/Thầu phụ cần bóc tách KL bản vẽ",IF(H154>=0,"Được đặt hàng tối đa "&G154&" "&E154,"Vượt dự toán "&ABS(H154)&" "&E154&" (QS giải trình & duyệt sửa BOQ)")),"")
A155: DHKK-A.II.2.28
B156: 3 | C156: Ống gió
A157: DHKK-A.II.3.1 | C157: Ống gió tole mạ kẽm dày 0.75mm, chống cháy EI60 | D157: m2 | E157: m2 | F157: 603 | H157: =IF(OR(ISNUMBER(F157),ISNUMBER(G157)),N(F157)-N(G157),"") | J157: =IF(OR(ISNUMBER(F157),ISNUMBER(G157)),IF(ISBLANK(G157),"⚠️ Chưa bóc tách định mức",IF(H157>=0,"✅ OK - Cho phép đặt hàng","❌ CHẶN ĐẶT HÀNG - CẦN BẢO VỆ KL")),"") | K157: =IF(OR(ISNUMBER(F157),ISNUMBER(G157)),IF(ISBLANK(G157),"Kỹ sư/Thầu phụ cần bóc tách KL bản vẽ",IF(H157>=0,"Được đặt hàng tối đa "&G157&" "&E157,"Vượt dự toán "&ABS(H157)&" "&E157&" (QS giải trình & duyệt sửa BOQ)")),"")
B159: 4 | C159: Phần điều khiển
A160: DHKK-A.II.4.1 | C160: Cảm biến khói | D160: Bộ | E160: Bộ | F160: 3 | H160: =IF(OR(ISNUMBER(F160),ISNUMBER(G160)),N(F160)-N(G160),"") | J160: =IF(OR(ISNUMBER(F160),ISNUMBER(G160)),IF(ISBLANK(G160),"⚠️ Chưa bóc tách định mức",IF(H160>=0,"✅ OK - Cho phép đặt hàng","❌ CHẶN ĐẶT HÀNG - CẦN BẢO VỆ KL")),"") | K160: =IF(OR(ISNUMBER(F160),ISNUMBER(G160)),IF(ISBLANK(G160),"Kỹ sư/Thầu phụ cần bóc tách KL bản vẽ",IF(H160>=0,"Được đặt hàng tối đa "&G160&" "&E160,"Vượt dự toán "&ABS(H160)&" "&E160&" (QS giải trình & duyệt sửa BOQ)")),"")
A161: DHKK-A.II.4.2 | C161: Cảm biến chênh áp | D161: Bộ | E161: Bộ | F161: 14 | H161: =IF(OR(ISNUMBER(F161),ISNUMBER(G161)),N(F161)-N(G161),"") | J161: =IF(OR(ISNUMBER(F161),ISNUMBER(G161)),IF(ISBLANK(G161),"⚠️ Chưa bóc tách định mức",IF(H161>=0,"✅ OK - Cho phép đặt hàng","❌ CHẶN ĐẶT HÀNG - CẦN BẢO VỆ KL")),"") | K161: =IF(OR(ISNUMBER(F161),ISNUMBER(G161)),IF(ISBLANK(G161),"Kỹ sư/Thầu phụ cần bóc tách KL bản vẽ",IF(H161>=0,"Được đặt hàng tối đa "&G161&" "&E161,"Vượt dự toán "&ABS(H161)&" "&E161&" (QS giải trình & duyệt sửa BOQ)")),"")
A162: DHKK-A.II.4.3 | C162: 3x1Cx2.5 mm2 CV-FR | D162: m | E162: m | F162: 722 | H162: =IF(OR(ISNUMBER(F162),ISNUMBER(G162)),N(F162)-N(G162),"") | J162: =IF(OR(ISNUMBER(F162),ISNUMBER(G162)),IF(ISBLANK(G162),"⚠️ Chưa bóc tách định mức",IF(H162>=0,"✅ OK - Cho phép đặt hàng","❌ CHẶN ĐẶT HÀNG - CẦN BẢO VỆ KL")),"") | K162: =IF(OR(ISNUMBER(F162),ISNUMBER(G162)),IF(ISBLANK(G162),"Kỹ sư/Thầu phụ cần bóc tách KL bản vẽ",IF(H162>=0,"Được đặt hàng tối đa "&G162&" "&E162,"Vượt dự toán "&ABS(H162)&" "&E162&" (QS giải trình & duyệt sửa BOQ)")),"")
A163: DHKK-A.II.4.4 | C163: 4C-1.5mm² Cu/PVC/FR | D163: m | E163: m | F163: 879 | H163: =IF(OR(ISNUMBER(F163),ISNUMBER(G163)),N(F163)-N(G163),"") | J163: =IF(OR(ISNUMBER(F163),ISNUMBER(G163)),IF(ISBLANK(G163),"⚠️ Chưa bóc tách định mức",IF(H163>=0,"✅ OK - Cho phép đặt hàng","❌ CHẶN ĐẶT HÀNG - CẦN BẢO VỆ KL")),"") | K163: =IF(OR(ISNUMBER(F163),ISNUMBER(G163)),IF(ISBLANK(G163),"Kỹ sư/Thầu phụ cần bóc tách KL bản vẽ",IF(H163>=0,"Được đặt hàng tối đa "&G163&" "&E163,"Vượt dự toán "&ABS(H163)&" "&E163&" (QS giải trình & duyệt sửa BOQ)")),"")
A164: DHKK-A.II.4.5 | C164: Tủ điều khiển DDC | D164: Bộ | E164: Bộ | F164: 4 | H164: =IF(OR(ISNUMBER(F164),ISNUMBER(G164)),N(F164)-N(G164),"") | J164: =IF(OR(ISNUMBER(F164),ISNUMBER(G164)),IF(ISBLANK(G164),"⚠️ Chưa bóc tách định mức",IF(H164>=0,"✅ OK - Cho phép đặt hàng","❌ CHẶN ĐẶT HÀNG - CẦN BẢO VỆ KL")),"") | K164: =IF(OR(ISNUMBER(F164),ISNUMBER(G164)),IF(ISBLANK(G164),"Kỹ sư/Thầu phụ cần bóc tách KL bản vẽ",IF(H164>=0,"Được đặt hàng tối đa "&G164&" "&E164,"Vượt dự toán "&ABS(H164)&" "&E164&" (QS giải trình & duyệt sửa BOQ)")),"")
A165: DHKK-A.II.4.6
A166: DHKK-A.III | B166: III | C166: HỆ THỐNG ĐIỀU HÒA THÔNG GIÓ PHÒNG KỸ THUẬT
A167: DHKK-A.III.1 | B167: 1 | C167: Thiết bị máy lạnh
A168: DHKK-A.III.1.1 | C168: Máy lạnh cục bộ, dàn lạnh loại cassette ODU/IDU-B1-01~05, công suất lạnh: 5.0 Kw. | D168: Bộ | E168: Bộ | F168: 0 | H168: =IF(OR(ISNUMBER(F168),ISNUMBER(G168)),N(F168)-N(G168),"") | I168: Không bao gồm máy lạnh cho sảnh thang máy hầm | J168: =IF(OR(ISNUMBER(F168),ISNUMBER(G168)),IF(ISBLANK(G168),"⚠️ Chưa bóc tách định mức",IF(H168>=0,"✅ OK - Cho phép đặt hàng","❌ CHẶN ĐẶT HÀNG - CẦN BẢO VỆ KL")),"") | K168: =IF(OR(ISNUMBER(F168),ISNUMBER(G168)),IF(ISBLANK(G168),"Kỹ sư/Thầu phụ cần bóc tách KL bản vẽ",IF(H168>=0,"Được đặt hàng tối đa "&G168&" "&E168,"Vượt dự toán "&ABS(H168)&" "&E168&" (QS giải trình & duyệt sửa BOQ)")),"")
A169: DHKK-A.III.1.2 | C169: Máy lạnh cục bộ, dàn lạnh loại gắn tường ODU/IDU-B1-06,07 công suất lạnh: 5.0 Kw. | D169: Bộ | E169: Bộ | F169: 2 | H169: =IF(OR(ISNUMBER(F169),ISNUMBER(G169)),N(F169)-N(G169),"") | J169: =IF(OR(ISNUMBER(F169),ISNUMBER(G169)),IF(ISBLANK(G169),"⚠️ Chưa bóc tách định mức",IF(H169>=0,"✅ OK - Cho phép đặt hàng","❌ CHẶN ĐẶT HÀNG - CẦN BẢO VỆ KL")),"") | K169: =IF(OR(ISNUMBER(F169),ISNUMBER(G169)),IF(ISBLANK(G169),"Kỹ sư/Thầu phụ cần bóc tách KL bản vẽ",IF(H169>=0,"Được đặt hàng tối đa "&G169&" "&E169,"Vượt dự toán "&ABS(H169)&" "&E169&" (QS giải trình & duyệt sửa BOQ)")),"")
A170: DHKK-A.III.1.3 | C170: Máy lạnh cục bộ, dàn lạnh loại gắn tường ODU/IDU-B1-06,07,08 công suất lạnh: 7.1 Kw. | D170: Bộ | E170: Bộ | F170: 0 | H170: =IF(OR(ISNUMBER(F170),ISNUMBER(G170)),N(F170)-N(G170),"") | J170: =IF(OR(ISNUMBER(F170),ISNUMBER(G170)),IF(ISBLANK(G170),"⚠️ Chưa bóc tách định mức",IF(H170>=0,"✅ OK - Cho phép đặt hàng","❌ CHẶN ĐẶT HÀNG - CẦN BẢO VỆ KL")),"") | K170: =IF(OR(ISNUMBER(F170),ISNUMBER(G170)),IF(ISBLANK(G170),"Kỹ sư/Thầu phụ cần bóc tách KL bản vẽ",IF(H170>=0,"Được đặt hàng tối đa "&G170&" "&E170,"Vượt dự toán "&ABS(H170)&" "&E170&" (QS giải trình & duyệt sửa BOQ)")),"")
A171: DHKK-A.III.1.4 | C171: Máy lạnh cục bộ, dàn lạnh loại cassette ODU/IDU-B1-01~04, công suất lạnh: 5.0 Kw. | D171: Bộ | E171: Bộ | F171: 0 | H171: =IF(OR(ISNUMBER(F171),ISNUMBER(G171)),N(F171)-N(G171),"") | I171: Không bao gồm máy lạnh cho sảnh thang máy hầm | J171: =IF(OR(ISNUMBER(F171),ISNUMBER(G171)),IF(ISBLANK(G171),"⚠️ Chưa bóc tách định mức",IF(H171>=0,"✅ OK - Cho phép đặt hàng","❌ CHẶN ĐẶT HÀNG - CẦN BẢO VỆ KL")),"") | K171: =IF(OR(ISNUMBER(F171),ISNUMBER(G171)),IF(ISBLANK(G171),"Kỹ sư/Thầu phụ cần bóc tách KL bản vẽ",IF(H171>=0,"Được đặt hàng tối đa "&G171&" "&E171,"Vượt dự toán "&ABS(H171)&" "&E171&" (QS giải trình & duyệt sửa BOQ)")),"")
A172: DHKK-A.III.1.5
A173: DHKK-A.III.2.0 | B173: 2 | C173: Ống đồng và phụ kiện
A174: DHKK-A.III.2.1.0 | B174: 46024 | C174: Ống đồng
...
